Language,I; independent; ,I; subjectverb concord; ,you; independent; ,you; subjectverb concord; ,he/she; independent; ,he/she; subjectverb concord; ,we; independent; ,we; subjectverb concord; ,bushelezi; mnandi,y'all; subjectverb concord; ,they; independent; ,they; subjectverb concord; ,this,that,here,there,who,what,where,when,how,not,all,many,some,few,other,one,two,three,four,five,big,long,wide,thick,heavy,small,short,narrow,thin,woman,man,human,child,wife,husband,mother,father,animal,fish,bird,dog,louse,snake,worm,tree,forest,stick,fruit,seed,leaf,root,bark; tree; ,flower,grass,rope,skin,meat,blood,bone,fat; n.; ,egg,horn,tail,feather,hair,head,ear,eye,nose,mouth,tooth,tongue,fingernail,foot,leg,knee,hand,wing,belly,guts,neck,back,breast,heart,liver,hunger,to drink,to eat,to bite,to suck,to spit,to vomit,to blow,to breathe,to laugh,to see,to hear,to know,to think,to smell,to fear,to sleep,to live,to die,to kill,to fight,to hunt,to hit,to cut,to split,to stab,to scratch,to dig,to swim,to fly,to walk,to come,to lie; bed; ,to sit,to stand,to turn,to fall,to give,to hold,to squeeze,to rub,to wash,to wipe,to pull,to push,to throw,to tie,to sew,to count,to say,to sing,to play,to float,to flow,to freeze,to swell,sun,moon,star,water,rain,river,lake,sea,salt,stone,sand,dust,earth,cloud,fog,sky,wind,snow,ice,smoke,fire,ash,to burn,road,mountain,red,green,yellow,white,black,night,day,year,warm,cold,full,new,old,good,bad,rotten,dirty,straight,round,sharp; knife; ,blunt; knife; ,smooth,wet,dry,correct,near,far,right,left,at,in,with,and,if,because,name,saliva
Sotho_Northern,nna,ke,wena,o,yena,o,rena,re,lena,le,ba,,bjô,bjôo,fano,falê,mang,ene; eng,kae,neng,bjang,se; kê,aohle,ntšhi; ngata,ngwê,mmalwa; nyane,mangwê,ntowe; nngwê,pêdi,tharo,nnê,tlhano,golo,lêlê; têlê,phara,koto,fala; fêtše,nyane,huswane,sêsane,ôtilê,mosadi,monna,semotho,ngwana,mogatša,monna,mma,papa; tatê,phôôfôlô,hlapi,nônyana,mpša,nta,nôga,seboko,sehlare; sephatô,letši; sekgwa,thupa,diênywa,pêu,lehlare,modu,lekgata,lebue,bjang,mogala,letlalô,nama,madi,lešapô,makhura,lee,lenaka,mosela,lefofa,moriri,hlôgô,tsêbê,leihlô; ihlô,nkô,molômo,leinô,leleme,nala,leoto; lwaô,moômo,khuru; lengwêlê; letôlô,letsôgô,lefêgô; phuka,lešôrô; mogôdu; mpa,dikatêng; mala,molala; thamo; throat; ,mokôkôtlô,letswêlê; sehuba,pelo,sebete,tlala,nwa,ja,loma,monya,tshwa,hlatša,foka; tšubutla,phefomola,sêga,bôna,kwa; utlwa,tseba,nagana,fofonêla,tšhabô,rôbala,phela,hwa,bolaya,lwa,tsoma,bêtha; betša; rwa; tia,bêtla; tswia; seta; carve; ,farola; fatokanya,hlaba,ngwapa; ngwara,êpa; nyafa,sêsa; tunta,fofa; ntši,sepela; tsamaya,tla,awêla; phomola; rest; ,itulêla,êma,hlabologa,wa,fa,swara,pitlêla,pikitla,hlape,hlakola,gôga; hlahla,sukumêtša,akga; phôša,bôfa; tlama,roka,bala,bolêla; re,êpêla,bapala,kôkôbala; phaphamala,êla,--,ruruga,letšatši,kgwêdi,nalêdi,mêêtse,pula,noka,letsha,lewatlê,letswai,lentswê,lehlabathe,lerole,mobu; lefase,leru,mogodi,legodimo,môya,lehlwa,lekgwa,muši,mollô,melôra,fiša,tsela,thaba,hubêdu,tala,sêhla,šwêu,so; ntsho,bošego,mohla,ngwaga; selemô; summer; ,futhumêla,serame,tlêtše,fsa,golo; tala; tšofa,tle,be; mpe,bodilê,ditšhila,ôtlologa,potokô,bogale,kubêga,borêlêdi,kôlôba,ômiša; ôma,nêpiša,gaufsi,kgolê,lagoja; lekubu,lengêlê,fa; ga,go; ka,na; nê,le; me; mme,ga; gê,gobane,lebitšô,
Sotho_Southern,nna,ke,wena,o,yona,o,rona,re,lona,le,bona,ba,ana; ena; enwa; eo; hona,aa; ale; ane; ano; bono; boo; ee; eno; hane; hono; hoo,mona; teng,ao; boo; eo,mang; ya,eng,kae,neng,jwang,ha; ka,bohle; hohle,ngata,bang,mmalwa,engwe,nngwe,pedi,tharo,nne,hlano,holo,lelele; telele,batsi,tenya,boima; pitla,nyane,kgutshwane; kgutshwanyane,tshesane,sesane,mosadi,monna,motho,ngwana,mohatsa; mosadi,mohatsa,mme,ntate,phoofolo,hlapi,nonyana,ntja,--,noha,seboko,sefate,moru; sekgwa,thupa,tholwana,peo,lehlaku,motso,lekgapetla,palesa,jwang,mohala,letlalo,nama,madi,lesapo,mafura,lehe,lenaka,mohatla,lesiba,moriri,hlooho,tsebe,leihlo,nko,molomo,leino,leleme,lenala,leoto,moomo,lengole,letsoho,lepheo,mpa,dikahare,molala,mokokotlo,letswele; sefuba,pelo,sebete,,nwa,ja,loma,monya,tshwela,hlatsa,fefola,phefumoloha,tsheha,bona,utlwa,tseba,nahana,fofonela,tshaba,robala,phela,shwa,bolaya,lwana,tsoma,bata; betsa; otla; shapa,phoma; seha; seta; carve; ,arohana; arola; petsoha,hlaba,ngwapa,epa; tjheka,sesa,fofa,tsamaya,tla,botha; lala; phomola; rest; ,dula,ema,reteleha,wa,fa,tshwara,tlhotla,pikitla,hlatswa,hlakola,hula; tosola,susumetsa,akga,fasa; tlama; tsala,roka,bala,bolela; re; tjho,bina; tsanyaola,bapala,phaphamala; sesa,phalla,--,ruruha,letsatsi,kgwedi,naledi,metsi,pula,noka,letsha,lewatle,letswai,lejwe,lehlabathe,lerole,mobu; lefatshe,leru,mohodi,lehodimo,moya,lehlwa,leqhwa,mosi,mollo,molora,besa; tjha; tjhesa; tuka,tsela,thaba,fubedu,tala,sehla,sweu,tsho,bosiu,mohla,selemo; ngwahola; last year; ,futhumetse,serame,tletse,tjha,holo,tle,be; mpe,bodileng,ditshila,otlolohileng,tjhitja,bohale; tjhora,nthithi,boreledi,metsi,omisa; oma,nepisa,haufi; pela,hole,lokisa,leqele,--,ka,na,le; mme,ha,hobane,lebitso,
Tswana,nna,kene; ke,wena,o,yona,o,rona,re,lona,lo; le; go,ba; di,ba,e; jo; yo,eo; gore; ka,--,teng,mang,mang; eng,kae,leng; fa,kae; jang,ga,tsotlhe,gontsi,--,--,--,nngwe,pedi,tharo,nne,tlhano,golo,--,--,--,--,nnye,--,--,--,mosadi,monna,motho,ngwana,--,--,mme; mma,rre,--,--,--,--,--,--,--,--,--,--,--,--,--,--,--,--,--,--,--,--,--,--,--,--,--,--,--,--,--,--,--,--,--,--,--,--,--,--,--,--,--,--,--,--,--,--,--,--,,nwa,ja,--,--,--,--,--,--,--,bona,--,itse,akanya,--,--,robala; robetse; sleep; slept; ,--,--,--,--,--,--,--,--,--,--,--,--,--,tsamaya,la,--,--,--,fapogele,letlhafula,--,--,--,--,--,--,--,--,--,--,--,--,re,--,--,--,--,--,--,--,--,--,mêtsi,--,--,--,--,--,--,--,--,lefatshe,--,--,legodimo,--,--,--,mosi,molelo,--,--,tsela,--,--,--,--,--,--,bosigo,lesatsi,ngwaga,--,--,--,--,--,lang,--,--,--,tlhamalela,--,--,--,--,--,--,--,--,--,mojeng; right; rightward; ,--,le; mo; par; vers,mo; par,le; par; vers,le; re,--,--,leina,
Kikuyu,niĩ,ndi,wee,ũ,we,ũ,ithuĩ,tũ,inyuĩ,,o acio,,uyu,eyo,haha; gũkũ,harĩa; hau; ho; kũrĩa; kũu; kuo,nũ; ũ,nĩkĩ,kũ; ha,rĩ,atĩa,ĩhĩ; no; aca,ciothe,ĩngi,--,nini,ngĩ,ĩmwe,igĩrĩ,ithatũ,inya,ithano,nene,ndaya; raya,athamia; ariĩ,kũnora; tungu,ritũ,nini; nyinyi,nguhĩ; kuhĩ,cecenia; ceke,hinja; ceke,mũtuma; mũndũ mũka,mwanake; mũndũ mũrũme,mũndũ,mwana,mũka,mũrũme,maitũ,baba; awa,nyamũ,tega; kĩũngũyũ,nyoni,ngui; ngitĩ,ndaa,nyamũ yathĩ,--,mũtĩ,kĩrĩti; mũtitũ,mũkuanju,itunda,mbegũ,ithangũ,mũri,ikoni,ihũa,muti; mũmera; nyeki,--,gĩkonde; ikoro,nyama,thakame,ihĩndĩ,maguta,itumbĩ,muguongo; rũhĩa,mutingoe; mũcuthi,ruoya,njuĩrĩ,mũtwe; kĩongo,gũtũ,riitho,iniũrũ,kanua,igego,rũrĩmĩ,rwara,kũgũrũ; ikinya,kũgũrũ,iru,guoko,ithagu,nda,--,ngingo,mũgongo,nyondo,ngoro,ini,,nyua,rĩa,rũma,onga,tua mata,tahika,huha,hũmũka; huhia,theka,ona,igua,menya,gwĩciria; ĩciria,kununga,ĩtigĩra,koma,tũũra,kua,ũraga,rũa,guĩma,hurira,tinia; acũhia; una ngu,atũra,theeca,kũrũta,cimba; enja,--,ũmbũka,ceera; thĩil,ũka; ingĩra,koma,ikara,rũgama,inamia; thiũrũrũka; garũra; cenjia,gwa,nengera; he,kumbata; nyita,kama; kuhiha; squeeze out; ,kuhura,thambia,huura; giria,gucia; kururia,gũtindika; tindĩka,gũithia; ikia,oha,tuma,gera,ura; ĩra,ina,thaka,--,therera,--,imba,riũa,mweri,njata,maĩ,mbura,rũũĩ,iria,--,mũnyũ; cumbĩ,ihiga,mũthanga,rũkũngũ; rubiri,tĩri; thĩ; gĩthaka; mũgũnda,matu; itu,--,igũrũ; utheri; light; sky; ,rũhuho,--,--,ndogo,mwaki,--,cina,njĩra,kĩrĩma,--,--,--,njeru; erũ,nduma njirũ; irũ,ũtukũ,mũthenya,mwaka,oto,heho,ũra,njerũ,ngũru; kũrũ,ega,ũru,buthu,gĩko,rũnga,thiũrũrũka,ũhĩga,ritũ; nditũ,nyoroka,ihũga; conjorira,nyũmũ; ũmũ,--,hakuhĩ,haraya,ũrio,ũmotho; gũtigara; be left over; ,--,--,na,na,ongorũo; akorũo; korũo; kana,amu; nĩ gũkorũo; nĩ ũndũ; tondũ,rĩĩtwa,
Zulu,mina,ngi,wena,u,yena,u,thina,si,nina,ni,bona,ba,lo; leli; lesi; le; lolu; lobu; lokhu,lowo; lelo; leso; leyo; lolo; lobo; lokho,lapha,lapho,ubani,ni; yini,phi,nini,kanjani; ngani,a; akekho; abekho,nke,ningi,nye,mbalwa; ncane,nye,dwa; nye,bili,thathu,ne,hlanu,khulu,de,banzi,qinile; gqinsi,nzima,ncane,fuphi,ncane; msweswana,ondile,umfazi,indoda; umlisa,umuntu,umntwana,umka; inkosikazi,umyeni; indoda,umama,ubaba,isilwane,inhlanzi; ufishi,inyoni,inja,intwala,inyoka,isibungu; umsundu,isihlahla; umuthi,ihlathi,induku; uthi,isithelo,inhlamvu; imbewu,ikhasi; iqabi,impande; umsuka,igxolo,imbali,utshani,intambo,isikhumba,inyama,igazi,ithambo,amafutha,iqanda,uphondo,umsila,uphaphe,unwele,ikhanda,indlebe,iso; ihlo,ikhala,umlomo,izinyo,ulimi,uzipho,unyawo,umlenze,idolo,isandla,iphiko,isisu,ithumbu,intamo; umqala; throat; ,umhlane,ibele; isifuba,inhliziyo,isibindi,indlala,phuza,dla,luma,munca; ncela; munya,phimisa,phalaza,vunguza,phefumula,hleka,bona,zwa,azi,cabanga,nuka,esaba; saba,lala,phila,fa,bulala; fisa,lwa,zingela,betha; gadla; shaya,sika; nquma,dabula,gwaza,klwebha,mba,bhukuda; hlamba,ndiza,hamba,za,lala; cambalala,hlala,sukuma; ma,jika; guquka; phenduka,wa,nika; nikeza; pha,phatha; bamba,cindezela,hlikihla,geza; hlamba,sula,donsa,sunduza,phosa,bopha,thunga,bala,thi,cula; hlabelela; huba,dlala,ntaza,gobhoza,nquma; qanda,vuvukala,ilanga,inyanga,imbasa; inkanyezi,amanzi,imvula,umfula,ichibi,ulwandle,itswayi; usawoti,itshe,isihlabathi,uthuli,inhlabathi; umhlaba,ifu; iyezi,inkungu,izulu,umoya,iqhwa,iqhwa,intuthu; umusi,umlilo,umlotha,sha; vutha,indlela; umgwaqo; umgwaqana,intaba,bomvu,luhlaza,liphuzi; ncombo,mhlophe,mnyama,ubusuku,ilanga; umuhla; usuku,unyaka,fudumele,makhaza,gcwele,sha,dala,hle,bi,bolile; bi,ngcolile,qondile,yindilinga; yimbulunga,bukhali,buthuntu,bushelezi; mnandi,manzi; nethile,omile; oma,lungile,eduze; seduze,kude,kwesokudla; ukunene,kwesokunxele; ubunxele,e; o; ku; nga,e; o; ku; nga,na; kanye na; nga,na; futhi,uma,ngoba; njengoba; njengokuba,igama; ibizo,
Ndebele_Zimbabwe,mina,ngi,wena,u,yena,u,thina,si,lina,li,bona,ba,lo; leli; lesi; le; lolu; lobu; lokhu,lowo; lelo; leso; leyo; lolo; lobo; lokho,lapha,lapho,ubani,ni; yini,phi,nini,njani; ngani,a; akekho; abekho,nke,ningi,nye,lutshwane; mbalwa; ncane,nye,dwa; nye,bili,thathu,ne,hlanu,khulu,de,banzi,qatha,nzima,ncane,mfitshane,ncane; msweswana,cakile,umfazi,indoda; umlisa,umuntu,umntwana,umfazi; umka; inkosikazi,umyeni; indoda,umama,ubaba,inyamazana,inhlanzi,inyoni,inja,intwala,inyoka,isibungu; umsundu,isihlahla; umuthi,iganga,isigodo; induku; uthi,isithelo,inhlanyelo,inhlamvu,impande; umsuka,ixolo,iluba,utshani,intambo,isikhumba,inyama,igazi,ithambo,amafutha,iqanda,uphondo,umsila,usiba,inwele,ikhanda,indlebe,ilihlo,ikhala,umlomo,izinyo,ulimi,uzipho,unyawo,umlenze,idolo,isandla,iphiko,isisu,ithumbu,intamo; umqala; throat; ,umhlane,ibele; isifuba,inhliziyo,isibindi,indlala,natha,dla,luma,munca; ncela; munya,khafula,phalaza,vunguza,phefumula,hleka,bona,zwa,azi,cabanga,nuka,esaba; saba,lala,phila,fa,bulala; fisa,lwa,zingela,betha; gadla; tshaya,sika; quma,dabula,gwaza,nwaya,mba; gebha,bhukutsha,phapha,hamba,buya,lala; cambalala,hlala,sukuma; ma,guquka; phenduka,wa,nika; nikeza; pha,phatha; bamba,cindezela,hlikihla,geza; hlamba,sula; hlikihla,donsa,fuqa,phosa,bopha,thunga,bala,thi,hlabelela,dlala,--,gobhoza,nquma; qanda; tshaza,vuvuka,ilanga,inyanga,inkanyezi,amanzi,imvula,umfula,ichibi,ulwandle,itswayi; isawudo,ilitshe,inhlabathi,uthuli,inhlabathi; umhlaba,ifu; iyezi,inkungu,isibhakabhaka,umoya,iqhwa,iqhwa,intuthu; umusi,umlilo,umlotha,tsha; vutha,indlela; umgwaqo; umgwaqana,intaba,bomvu,luhlaza,thanga,mhlophe,mnyama,ubusuku,ilanga; umuhla; usuku,unyaka,fudumele,makhaza,gcwele,ntsha,dala,hle,bi,bolile; bi,ngcolile,qondile,yindilinga; yimbulunga,bukhali,buthuntu,butshelezi; mnandi,manzi; nethile,omile; oma,lungile,eduze; seduze,katshana,kwesokudla; ukunene,kwesokunxele; ubunxele,e; o; ku; nga,e; o; ku; nga,la; kanye la; lo; nga,la; futhi,nxa,ngoba; njengoba; njengokuba,igama; ibizo,
Swati,mine,ngi,wena,u,yena,u,tsine,si,nine,ni,bona,ba,--,--,--,--,--,--,kuphi,--,--,--,--,--,--,--,--,kunyé,kubili,kutsatfu,kune,kusihlanu,--,--,--,--,--,--,--,--,--,--,índvodza,umútfu,umntfwana,--,índvodza,máke,babé,sílwane,ínhlanti,ínyoni,--,--,--,--,síhlahla,--,--,sítselo,ínhlanyélo,lícémbe,--,--,ímbali,--,--,--,ínyama,--,--,--,--,--,--,--,lúnwéle,--,índlebé,--,líkhala,umlomo,--,--,lúgalo,lúnyawo,umlente,lídvolo,sándla,--,--,--,íntsamo,umhlaná,--,ínhlitíyo,--,,kúnatsa,--,--,--,--,--,--,--,kúhleka,kúfúna,--,kwáti,kucábanga,kúnuka,--,kúlála,kúphila,--,--,--,kútingéla,--,kúsíka,--,--,--,kúmba,kúhlamba,kúndiza,kúya; going; ,kúta,--,--,--,kújika,kúwa,kúníka,--,--,--,kúgeza,--,kúdvonsa,--,kúphonsa,--,kútfúnga,kúbala,--,kuhlábela,kúdlála,kúntanta,--,--,--,lílanga,ínyangá,ínkhanyéti,--,lítulu,umfula,líchibí,--,lútswáyi,lítje,--,--,--,lífu,--,sibhakábhaka,--,líchwa,líchwa,intfutfu,umlilo,--,--,indlela; umgwaco,íntsaba,bovú,--,--,umkhombe,mnyáma,--,lílanga,--,futfúmeta,bándza,--,--,--,hle,--,--,--,--,--,--,--,--,--,--,--,--,--,--,--,--,--,--,--,--,--,--,
Xhosa,mna,ndi,wena,u,yena,u,thina,si,nina,ni,bona,ba,lo; aba; le; eli; la; esi; ezi; olu; obu; oku,lowa; abaya; leya; eliya; lawa; esiya; eziya; oluya; obuya; okuya,apha,apho,ngubani,ni; ntoni,phi,ni,njani; kanjani,khange; a; nga,onke,ninzi,nye,balwa,mbi; nye,isinye; eyona,bini,thathu,ne,hlanu,khulu,de,banzi,nzinzilili,nzima,mncinane; ncinci,futshane,mxinwa,bhityile,inkosikazi,indoda; umlisela; young man; ,umntu,umntwana; usana,umfazi,umyeni,umama,ubawo; utata,isilwane,intlanzi,intaka,inja,intwala,inyoka,umsundulu,umthi,ihlathi,induku; uluthi,isiqhamo,imbewu,igqabi,ingcambu,ixolo,intyantyambo,ingca,intambo,isikhumba,inyama,igazi,ihleza; ithambo,amafutha,iqanda,uphondo,umsila,usiba,inwele,intloko,indlebe,iliso,impumlo,umlomo,izinyo,ulwimi,uzipho,unyawo,umlenze,idolo,isandla,iphiko,isisu,ithumbu,intamo; umqala; throat; ,umhlana,ibele; isifuba,intliziyo,isibindi,,ukusela; sela; phunga,tya,luma,munca,the,hlanza,bhudla; vuthuza,phefumla,hleka,bona; buka,va,azi,cinga,nuka,oyika,lala,phila,fa,bulala,lwa,zingela,betha,sika,krazuka; tyanda,gwaza; hlaba,phanda,grumba,dada,bhabha,hamba,za,xoka,hlala,ma,jika,wa,pha,bamba,bandezela; foca,dyobha;  gudla,coca; hlamba,sula,dontsa; tsala,dudula,gibisa; jula; phosa,bopha,thunga,bala,thi; tsho,cula,dlala,bhabhazela,--,nquma; tshaza,dumba,ilanga,inyanga,inkwenkwezi,amanzi,imvula,umlambo,ichibi,ulwandle,ityuwa,ilitye,isanti,uthuli,umthonyama; ihlabathi,ilifu,inkungu,izulu,umoya,ikhephu,umkhenkce,umsi,umlilo,uthuthu,vutha,indlela,intaba,bomvu,luhlaza,lubhelu; mthuba; tyheli,mhlophe,mnyama,ubusuku,umhla; imini; usuku,umnyaka,fudumeleyo,banda,gcwele,tsha,dala,mnandi,bi,bolile,nkone; mdaka,ngqala,mbumbulu,bukhali; tsolo,buthuntu,--,manzi; nqum,omelela; oma,nyanisile,kufuphi,kude,nene,nxele,--,--,na; ne; no; kunye,kwaye,ukuba,kaloku; ngokuba,igama,
Kongo,mono,ngi,nge,u,yandi,u,tu,,lu,,be,,ki,kina,vava; eva; kuku; eku,vana; kuna,nani,nki,kweyi,--,bwe; bweyi,ka...ko,onso,bidi,--,n'ke; ndwêlo; fyôti,n'kaka,mosi; imosi,zôle,tatu,ya,tânu,nene,nda,--,--,zitu,fyôti; ndwêlo; n'ke,nkufi,--,--,nkento; ndumba,bakala,muntu,mwana,n'kento; busi,bakala,ngudi,sé; tata,bulu,mbizi,nuni,mbwa,nyanzi,nioka,ngambu,m'ti,mfinda,bota,mbutu; mbuma,nginga,kaya,mwanzi,bâla,--,tîti,m'singa,m'kanda,m'suni,menga,visi,mâzi,dîki; diaki,mpoka,m'kila,nsala,nsuki,m'tu,kutu,disu,m'zunu,m'nwa,dinu,ludimi,nzala,kulu; ntambi,kulu,--,kôko,ve,vumu,m'dia,nsîngu,nima,ntulu,mbundu; m'tima,--,,nwa,kudia,tatika,--,--,luka,fula,fulumuna,seva,mona,wa,zaya; zaba,yinda; banza,--,--,lêka,zînga,fwa,gônda; vonda,nwana,konga; wela,zuba,zenga,bâsa; bâsula,--,kwanza,tima,--,--,diata; zieta,kuiza,lêka; lambalala,vuanda,telema; sikama,baluka,bwa,vana; va,simba,--,--,sukula,kusuna,benda,--,losa,--,--,tanga,ta; tela,yimbila,sakana,--,kukula,--,vimba,ntangu,ngonda,ntetembwa,maza,mvula,m'koko; nzadi; n'to,zanga,m'bu,mungwa,tadi,zielo,--,n'toto,tuti,dime,zulu,mupepe,mvula mpembe,--,mwisi,tiya,bombe,vya,nzila,mongo,mbwaki,--,--,mpêmbe,ndômbe,mpimpa,lumbu,mvula,tiya; kiungila,kiozi; nzizi,zala,mpa,ntama; nkulu,mbote,mbi,bola,mvindu,singama,vindumuka,--,--,--,bola,yuma,--,mbela,ntama; ntaku,lubalkala,lumonso,ku; kuna,mu,ye,ye,vo,kadi,nkumbu; zina,
Lingala,ngáí,na,yó,o,yé,a; e,bísó,to,bínó,bo,banga,ba; e; i,óyo,wâná,áwa,kúná; wâná,náni,níni,wápi,tángo,bóní,... tɛ́,nyɛ́; tû,míngi,bɔ̌kɔ́,mɔkɛ́mɔkɛ́,mosúsu; súsu,mɔ́kɔ; ɔ́kɔ,míbalé; íbalé,mísáto; ísáto,mínei; ínei,mítánɔ; ítánɔ; mpáta,monɛ́nɛ; nɛ́nɛ,monɛ́nɛ; nɛ́nɛ; laí,laí,monɛ́nɛ; nɛ́nɛ,bozitó; kiló; molito,mokɛ́; kɛ́,mokúsé; kúsé,mokɛ́; kɛ́,mokɛ́; kɛ́,mwǎsí,mobáli,moto,mwǎna,bolóngai; mwǎsí,bolóngani; mobáli,mamá,tatá; papá,nyama,mbísi,ndɛkɛ,mbwá,lonsili,nyóka,mpambó; mósɔ́pi; limpiká,nzeté; mweté,zámba,nzeté,mbuma,nyǎ; mbóto; bɔpɔ́,nkásá,ntína,lomposo,fulɛ́lɛ; lómbé,litíti,nsi nga; moniɔlɔ́lɔ; likósi,lomposo,monsuni,makilá,monkúwa,mafúta,likeí; líki,liséké; boséba,mokɔndɔ́; mokíla,lonsálá,nsúki,motó,litói,líso,zólo,mɔnɔkɔ,líno,lolému,linzáka,mopendé; lokolo,lokolo,libɔ́lɔ́ngɔ́; libɔ́ngɔ́,lobɔ́kɔ,lipapú,libumu,nsɔpɔ́,nkíngó,mokɔngɔ,ntólo,motéma,libale,,mɛlɛ,lía,swâ,nyúnya; núnga,bwáka nsɔ́i,sánza,pémela; pɛpɛ,péma,sɛkɛ,mɔ́nɔ,yóka,yéba,bánza; kanisa,núsa,bánga,lála,vánda,kúfa,boma,bɛ́tɛnɛ; bunda,bengana,bɛ́tɛ,kátakata; káta,pasola,--,kóta; nyaka; kpaka; kpala,tímola,nyanya; túnga,pimbwa,támbola,yâ; yáa; úta,lálisana,vánda; kisa,lamuka; télema,balula,kpâ,pésa; kaba,kamata,kangisa,bísa,sukola,pangwisa,bénda,tɔ,bwáka,kanga; zínga; línga,sɔnɔ,tánga,loba,yémba,sakana; sana,tetwa; tepa,--,--,vímba,mói,sánzá,monzɔ́tɔ,mái,mbúla,mái; ebale,etíma; nzálé,mbú,móngwa; mókpa,libángá,zɛ́lɔ,putulú,mabelé,lipata,londendé,likoló,mompɛpɛ,--,--,mólinga,mɔ́tɔ,putulú,pela; zíka,balabála; nzɛlá,ngómbá,táné,bésu,táne,mpɛ́mbɛ,molílí; índo,butú,mokɔlɔ; mói,mbúla; mobú,tɔkɔ,mpíɔ,má; mɛké,sika,kala,kitɔ́kɔ; malámu,mabé,pɔlɔ,bébisa,alimá,kílíkílí,pela,túnú,patátálú; sɛ́lisɛ́li,pɔlɔ,kauka,alimá; malongá; sémba; sɛló,mpɛmbɛ́ni,mosíká,mobáli,mwásí,o; na,na káti; o ntéi,na,mpé,sɔ́kɔ́; sɔ́kí,zambí,nkómbó,
Luhya,ndi;ise,ndi,esie;ive; iwe; isie;,--,ye,--,efwe; ifwe,,enywe; inywe,,abo,ba,shino,isio; esioetc.; ,ano; eno;hano,aho; eyi; eyo; ho,--,shi; shina,ewa,lina; olwa,rye; shinga,ta,osi; tulu,inji,--,titi; tutu,ndi,lala,bili,taru,ne,raano,khongo,rambi,bambalifu,khomefu,siro,titi; tutu,imbikiti,nyerere,to,omukhasi,omusatsa,omundu,abana,mukha,omukhwe; omusatsa,mama,papa,isolo,inyeni,liyoni,imbwa,indaa,inzokha,inzokha,--,omutsuru,olusala,eshiamo,imwo,lifafu; lisafu,omurombo,likhoba,eshimuli,obunyasi,omukoye,likhoba,inyama,amabanga; amalasire; amatsayi,likumba,amanulu,libuyu,eshitsiriba,omushinga,omwiro,liswi,om'rwe,eshirwi,imoni; lishu; squint; ,amolu,omunwa,elino,olulimi,--,lilaro,eshilemje; lirango; thigh; ,lisikamo,omukhono; arm; ,olubaa,inda,amala; intestines; ,likosi,omukongo,olubeere,omwoyo,ingurumani,,okhunywa; nywa,okhuliira,okhukuna; okhuluma,okhunuuna,okhubita; okhufutsa; okhunyirikha,okhusala,okhuutsa; okhufura; mouth; ,okhuyeera,okhutsekha,okhulola,okhuulira,okhumanya,okhupara,okhuunya,okurya,okhukona,okhumenya,okhufwa,okhwira,okhulwana,okhuyima,okhupa,okhushenga; okhuteta; okhutsosola; okhutuumula,okhurabukha; okhwarasia; okhwasiaka; okwabula,okhufumira,okhumaanya; okhwaka,okhulima; okhuyaba,okhwerama; okhwitubuta,okhupulukha,okhuchenda,okhwitsa,okhukonera,okhwikhala,okhusinjira,okhuunzukha,okhukwa,okhufuwa; okhuhana; okhuwa,okhutira; okhuwatsa,okhufinya; okhukhama; okhutinyira,okhuruta; okhusisa,okhwosia,okhweya,okhukhwesa,okhuluuma; okhusindikha,okhufuuba; okhutura,okhuboya; okhufundikha,okhunaba,okhubala,okhuboola,okhwimba,okhubaya,okhubenga,--,--,okhufwimba,eliuba,omwesi,ing'ining'ini,amaatsi,ifula,omuchera; omwalo,inyanza,inyanza,omufume; omunyu,libale; lichina,--,olufu,eshi,lilesi,loing'ong'ong'we,likulu,omuyeka,--,--,omwosi,omuliro,likoshe,okhwakha,engila; omuanda,olukulu,akhanyu,chishi,rapwori,lafu,mali; mwamu; ti,eshiro,indaalo; inyanga,omwika,amayu; yu,nyifu,yinjikhane,efiya; ya; yakha,khulu; kofu,layi,ababi; bi,bolo,bi,kololofu; lunji,fumunde,memu,--,nyiririfu; nyushe,nyifu; misu,umu,atieri,aambi,eyale,lunji; satsa,suba,khu; mu,mu,ne,ne,--,khulwa; okhuba; shichira,eliira,
LubaKasai,ndi,n,u,--,ye,--,twêtu,,nwênu,,--,,ako; abu,ààa,apa; pànu,amu,nganyì,cinganyì,kwěpì,bunshi,munyì,cidi,ònso,cyanga,bàmwè,kanyìkanyì,ǹga,mwe,bìdì,sàtù,naayi,taanu,nène,le,--,cyuluulu,jitu,nci,ìpì,--,nte; lèula; sulàme,mukàjì,mulùme,muntu,mwâna,mukàjì,mulùme,ciimaamù,pàpâ,nnyama,mushipa,nnyuunyu,m̀bwa,lukùsù,nnyòka,cîshiishi,mucì,dibèsè,mukwasa,cimuma,dimiinu,dyânyi,muji,cipusu,cilòngò,bîlu,mukòsà,dikòbà,nnyama,mashi,cifùpa,dìfutà,diyi,lusèngu,mukìla,lusàlà,nsukì,mutù,dicì,dîsu,dyûlu,mukana,dînu,ludìmi,ngâla,cisanjì,mukòlò,cinù,cyanza,dipwâpwà,difù,dila,nshìngù,nnyimà,cyâdi,mwoyo,mucìma,,nwà,dyà,sùma,fìpa,twìla,lùka,peepa,puuya,seka,mòna,umvwa,manya,pànga,nunka,cììna; kaakala,lààla,sòmba,fwà,shipa,lwa,zàngula,còòba; bòta,banga,aapula,ponda,aanya; koona,imba,ombela,bùùka,dyata; enda,iiya,lamba; iikisha,shikama,iimana,piluka,pwà,pà,kwàta,kàma,fiita,sukula,kùpula,fuuta,sàkila,tupù,kànda; lunga,tunga,bala,lòkota; amba,imba,nàya,anzama,mata,--,boba,dîba,mwènji,mùtôtò,mâyi,mvùla,--,dijiba,mbuwù,lwêpù,dibwe,lusenge,lupwishi,nshì,ditutu,mulemba; dibungi,dyulu,cipeepè,--,lumwènu,--,kadilu,butù,oosha; pyà,njila,mukùnà,kùnze,bìshi,kàlaabi,tòòke,fììka,butùku,difùku,mwaka,sàlùke,tàlàlàà,pasa,pya,nunu,lenga,bì,bolabola,kooyà,neema,cijèngù,twè,--,lànda,--,uuma,oolòlòke,pêpì nè,kule,dyàbalùme,dyàbakàjì,ku,mu,naa,nè; kàdi,ne,bwalu,dîna,
Shona,ini,ndi,iwe,u,iye,a,isu,ti,imi,mu,avo,va,ichi; iyi; iri; uyu; ino,icho; iyo; iro; uyo,pano,apo,ani,chii,kupi,rini,sei; ngani,kwete,ese,zhinji,amwe,shoma,imwe,motsi,piri,tatu,china,shanu,hombe,reba,fara,kora,rema,diki,pfupi,dete; nhete; sunhu,onda,mukadzi,murume,munhu,mwana,mudzimai,murume,amai,baba,mhuka,hove,shiri; nyana,imbwa,inda,nyoka,gonye,muti,sango,rutanda,muchero,mhodzi; mbeu,shizha,mudzi,gwati,ruva,uswa,tambo,ganda,nyama,ropa,bvupa,mafuta,zai,nyanga,muswe,nhenga,vhudzi; mvere; wool; ,musoro,nzeve,ziso,mhuno,muromo; mukanwa,zino,rurimi,nzara,tsoka,gumbo,ibvi,ruoko,bapiro,dumbu,ura; matumbu,mutsipa; huro; throat; ,musana,zamu; chifuva,moyo,chitaka,nzara,nwa,kudya; dya,ruma,sveta,pfira,rutsa,furidza,fema,seka,ona,nzwa,ziva,funga,nhuwidza,tya,rara,rarama,fa,uraya,rwa,vhima,rova; bhura,cheka; kuma,dambura,baya; junga,kwenya; kwara,chera; tukumbam,shambira,mbururuka,famba,uya,garira; zorora,gara; tambarara,sumuka; simuka; mira,pota,wa; donha,pa,bata; pfunda,dvinya,kwiza,geza,pukuta,zvuva; dhonza,sunda; sandidzira,kanda,sunga,sona,verenga; rava,taura; ti,imba,tamba,papama,erera,gwamba; tonhodza,zvimba,zuva,jenaguru; mwedzi; month; ,nyeredzi,mvura,kunaya,rwizi,dziva,gungwa; nyanza; ocean; ,munyu,ibwe,jecha,huruva,ivhu; pasi,gore; fuva,mhute,denga,mhepo,--,--,hutsi,moto,dota,pisa,nzira,gomo,tsvuku,girini,yero,chena,dema,husiku,zuva,gore,dziya,tonhora,zara,itsva,chembera; tsaru,naka,ipa,ora; rot; ,asviba,twasanuka,denderedzwa,pinza,gomara,tsetseka,totesa,omesa; oma,tsiura; ruramisa,pedo,kure,rudyi,ruboshwe,ku; kuna; pa; pana,mu,ne,na; ne,dai; nana; kana,nekuti,zita; dzinza,
Ndau,ini,ndi,,,,,,,,,,,,,,,,,,,,,,,,,,,,,,,,,,,,,,,,,,,,,,,,,,,,,,,,,,,,,,,,,,,,,,,,,,,,,,,,,,,,,,,,,,,,,,,,,,,,,,,,,,,,,,,,,,,,,,,,,,,,,,,,,,,,,,,,,,,,,,,,,,,,,,,,,,,,,,,,,,,,,,,,,,,,,,,,,,,,,,,,,,,,,,,,,,,,,,,,,,,,,,,,,,,,,
Chichewa,ini,ndi,iwe,u,iye,a,ife,ti,inu,mu,iwo,ba,uyu; awa; uwu; iyi; ichi; izi; ili; aka; iti; apa; uku; umu,uyo; awo; uku; poti; pakuti; muti; kuti; iyo; ako,pano; kuno; muno,apo; uko; umo; paja; kuja; muja,amene,chani,mmene; pamene; kumene,pamene; m’mene; po,nji,si,nse,mbiri,ngapo,ena; chepa,ina; ja,chimodzi,ziwiri,zitatu,zinai,zisanu,kulu,tali,takata; lifupi,khathamira; limbirapo; khuthala; chindikala,lemera,ng’ono,fupi,chepetsa; siyana maganizo,pyapyala; onda,mkazi; mayi,mwamuna,munthu,mwana,mkazi,munthu,mayi,tate,nyama,nsomba,mbalame,galu,nsabwe,njoka,nyongolotsi; litsipa; msundu,mtengo,nkhalango,ndodo,chipatso,mbewu; njere; mbuyi; mbuyu; nthanga,tsamba; dzani,muzu,kowola,duwa,udzu,chingwe,khungu,nyama,magazi,fupa,mafuta,dzira,nyanga; liphondo; lipenga,mchira,nthenga,tsitsi,mutu,khutu,diso,mphuno,kamwa,dzino,lilime,chikhadabo,phazi,mwendo,bondo,dzanja,khupe; phiko,mimba,--,khosi; chitambo,msana,bere,mtima,chiwindi; mphafa,,kumwa; mwa,dya,kuluma,yamwa; kama; fipa; tsopa,mate,sanzi,omba,puma,seka; bwezuka; kakadza,wona,mva,dziwa,ganiza,nunkha,opa; opana; opsedwa; thupsana,gona,khala,fa; mwalira,pha,ndewu; n.; ,saka,--,duka; tseteka,balula,baya,kalasa; kalasula; kalula; kanda,mba,sambila,nonthoka,yenda,dza,gona,tambalala; labzi,yima,khota; lowera,gwa,patsa,wetsa,khwinyata; vungama; khwinyala; finya,fikisa; tikita; tsangula; tsitsitiza; pekesa; sisita,samba,khula,koka,kankha; kunkhuniza; thunya,ponya; taya,kadzira; kwidzinga; manga; njata; gwiriziza,soka,werenga,--,yimba,doda; sewera; ponya,beruka; yandama,yenda,--,fufuma,dzuwa,mwezi,nyenyezi; nthondwa; nthanda,madzi,mvula,mtsinje,nyanja,nyanja ya mchere; nyanja zakuya kwambiri,muthira mchere,mwala,mchenga; timiyala; muhabva,fumbi,dziko,mtambo; khwithi; chifwirim,nkhungu; mikhwithi,thambo,chiphwisa,madzi oundana oyera amaoneka pamwamba pa mapiri aatali ku mayiko ozizira; chipale; chifunga; nkhungu,madzi oundana; madzi ouma; matalala,utsi,moto,chipala; phulusa,wocha; pya,msewu,phiri,fiira; psuu,biriwira,chikasu,yera,mkuda; wokuda,usiku,tsiku,chaka,funda,zizira,khuta; dzadza,tsopano,kalamba; khwima; kale,bwino,ipa; uve; chabe; bziwi; bi,ola; vunda,da; ipsa; detsa,ongoka; salala; tawatawa; njo; sapsatira,zungulira; zunguza; ndendera; bungulira,thwa,phinjika,salala,chinyezi; chinyontho,uma,konza,fupi; yandika,kutali,manja,siyidwa; tsala; kumanzere,pa,--,ndi,ndi,nkati; nkani; pokhala,chifukwa,dzina,
Lozi,na,ni,u; wa; tuwe,,a; u; wa,,luna,,mi; mina; mu,,bona,ba,bo; lo; o; wo; yo; kona; ka; bye; se; ze,ale; byale; lale; le; lee; lwale; sale; wale; yale; ani; bani; byani; lani; lwani; sani; wani; yani; ao; wo; yo; zeo; se,yo; fa; kafa,fo; ko; mo; yo; kwale; yonder; ,bafi,afi,kai; fo; ko; mo,lili; fa; muta,cwani,ha; isi; isini,kamukana; kaufela; zote,ta,kwa,sikakani; nyana,linja; sili,ngwi,peli,talu,ne,ketalizoho,tuna,telele,atama; atumuluha; pala; tona,kima; kumba; kita; kula; yowela,buima; kita; imela,bunyinyani; kacana; kanguya; kanyumiti; kashukuma; sishawa; tutu; maputu; small waves; ,kuswani; kashatu; caniba,kumbana; ninguka; patisana,sisani,mukati,mulume,mutu,mwana,musali,munna,me; m'a; m'ahe,ndate,siyamana; folofolo,tapi; mushiba; small fish; ,nyuny; nyunywani; nyunywani,nja; ndumewa; lundumba,nda; lilondwe; large louse; ,noha; likuluyoka; any big snake; ,sibuku; litiya; earthworm; ,sitondo; kota,mushitu; sikwa; jungle; ,tupa; kabama,nakumene,peu,lingambwa; ndamba,mubisi,likwati,palisa,bucwai; bucwani; lituta; mumbo,muhala; ntambo,litalo; mukata,nama,ngazi; mali,lisapo,mafula,lii,lunaka; linaka,muhata,mutenga,mulili,toho,zebe,liito,ngo,mulomo,lino,lilimi,--,lihutu,numbu; calf; ,mbumba; knee cap; ,lizoho,lifufa,mba,--,likoshi,mongo; mukokoto,lizwele; -olo; nolo; sifuba; mbando,pilu,sibiti,,nwa,lya; ca,luma,muma; mumuna; anya; zwepa,kwa,taza,futa; fufula; fuzela,buyela; foma; to puff; ,seha; sheka,bona,utwa,ziba,nahana; fumba,lupa; yuya,eila; saba,lala; onda,pila; yoya,fa; shwa,bulaya,lwa,zuma,kola,ceka; batula,pawla,kwaza; taba,falula; –walaula; nwalaula; –waya; nwaya; conkola,yepa; lafa; pumbula; shitula,cimbama; fuumuka; puwana,fufa; lamuka; lenda,enda; ela; zamaya,ta; taha,lapalala; lapama; patama,ikala; ina; itulela; njotomana,yema,futula; heta; pindhmuka; pindula; to turn up; ,wa,fa,ama; bamba; manja; fanata; kamata; swala,cubela; hamula; ngunganya,bukusha; huta; kwaka; pikita; sasa; sindula; tiinya,tapa; tapisa,komba; pyemula; takula; taula,hoha; kakutula; koka; kula; omba,kandula; kasha; kuba; sunda; susumeza; suta; yuna,bita; nganda; pafweka; posa; pundula; sunya; yumba,bopa; funga; manga; talinga; tama,luka; ngosoha; ngunda; nungahanya,bala,bulela; ize; li,opela,bapala; beba; lela; liza; on musical instrument; ,cimbeka; kuka; kupuka; yenduka,buba; coomoka; keleketa; kokomba,anda,kukumuha; luluha; lusa; tumba; tunduluka,lizazi,kweli,naleli,mezi,mbula,nuka,lisa,liwatata,mungwa; njee; lizwai; seasalt; ,licwe,lisheke; lishabati,liluli,lifasi,lilu,mbundu,lihalimu,mebo; moya; wind; spirit; ,litwa,mezi a kangezi,musi,mulilo,mulola; mufuse,ca; cisa; nungeka; tuka; tumbeka; tumbuka; yukweka,mukwakwa; nzila,lilundu,fubelu,tala,seta,sweu,nsu,busihu,musihali,mundiku; mwaha; silimo,futumezi; enyize,batile; hazezi; silami; cold; coolness; ,fasize; ndu; tezi; taleani,nca,hulu,nde,maswe,bola,nkwika; pumbile; silafezi; tapweile,nonga; otolohile; sinji; zanana,cica,buhali; lozize; shengile,buzwa; fumile; mbumbutezi; sinatiso,bebile; buleta; litezi; lolekile; ndendemezi; yengile,koloba; yemezi; nyanyelize; patekile,oma,lukisize; nepisize,kwatuko; kaufi; mabapa ni; near to; opposite to; ,kwahule; mambala; mpalila,lyo; bulyo; silyo,nzohoto; bunzohoto; sinzohoto,fa; kwa; mwa,kwa; mwa,hamoho; ni; ka,mi; ni,haiba; kaba; kabe; kambe,kabakala; kakuli,libizo,
Duala,mbá,na,oá,o,mɔ́,a,bisɔ́,di,binyɔ́,lo,babɔ́,bá,bón; nunan; nu,nunɛ,wan,wa,nde,nje,ó; wé; wéni,pɛ,nɛ; nɛni,si,bɛsɛ; nyɛsɛ; lɛsɛ,jita; njoasoa; eyeka,--,ngusu,--,wɔ́,bǎ,lálo,nɛí,tánu,ekokoto,bwabá,ebapa,--,didi,son,isungu,--,--,muto,mume,moto,muna,muto,mume,iyo; mama; yeye; nyango,tetɛ; te; sango; papá,nyama,sue,inɔn,mbɔ,--,nyamabwabá,--,bwele,eyídí,ebongó,epuma,dísɔ,eyadi,bwanga,eyobo,mbonji,ewudu,musinga,eyobo,nyama,mayá,ewesé,diwɔngi,muɛny,tɔ́ngɔ,móndó,esáó,nyɔ̄,mulopo,tói,dísɔ,mpemba,mudumbu,songá,eyémɛ,nyándi,mwendé,mukala,dibɔ́ngɔ,diá,dipupulan,dibum,mieya,nyíngo,mo̱ngo̱,bwangá,muléma,dibadi,,--,da,kukwa,--,--,--,wungea,--,yɔ lɔ; lɔ,jɛ nɛ,sɔngɔ,bia,jɔngɛlɛ,--,bɔngɔ,kɔ iyɔ,bɛ longɛ,wɔ,--,jana,bwéma; n.; ,dipa,kɛ,--,--,--,--,nyoyɛ,jiba,dangwa,pɔ,--,je,dámwɛ,--,kɔ,bola,dekɛ,--,sungwa,joa,--,--,koka,pimba,--,bangwa,lánga; sɔngɛlɛ,kwala,lɔngɔ,loko,wongwa,--,--,--,wéi,mɔdi,ngengeti,madiba,mbua,mutibe,ebudu,munja,wanga,dalé,mukoko,--,wase,diwindi,mbà,dibobɛ,ngɔ,sinɔ,ais,itutu,weya,--,--,ngea,mudongo,jola,musɔnɔ mw’eyadi,musɔnɔ mwa njabi,sanga,mundo,bulú,búnya,mbú,--,mulɔloɔkɔ,londi,penya,bodun,bwam,bobe,--,mbindo,sim,tengiledi,--,--,--,--,anji,--,bɛbɛ,etum,--,dimɔsɛ,--,o,na,na,tɛ,onyola,dina,
Kituba,mono,,nge,,yandi,,beto,,beno,,bau,,--,--,--,--,náni,wápi; ínki,wápi,tángu,íkwa,--,nyónso,míngi,--,--,--,mósi,zóle,tátu,iya,tánu,néne,índa,néne,--,kiló; kuléma,fyóti; fyéti,nkúfi,--,--,nkénto; nkéntu,bakála,múntu,mwána,nkénto; nkéntu,bakála,máma; ngúdi,táta,nyama,mbísi,ndeke; núni,ímbwa,nyánzi,nyóka,--,ínti,mfínda,--,--,--,likása,mwánsi,--,kifúla,matíti,--,--,nyama,ménga,múkwa,mafúta,díki; méki,mpoko,--,lusála; nsála,súki,íntu,dikútu,dísu,mbómbo,ínwa,dínu,ndínga; ludíma,nzála,litámbi; dikúlu,dikúlu; likúlu,dibóngo,dibóko,dipapá,kivúmu,--,nsíngu,mbísa,dibéne; ntúlu,ntíma,--,,kúnwa,kúdya,kutatúka,--,kulósa mánte,kulúka,--,kuwumína,kuséka,kumóna,kúwa,kuzába,--,--,bóma,kulála; tólo,--,kúfwa,kúfwa,kunwána,kubinga,kubúla,kuzénga,--,--,--,--,--,kudumúka,kutambúla,kukwísa; kukóta,--,kuvánda,--,--,kúbwa,kupésa,--,--,--,kusukúla; kuyobíla,--,--,--,--,--,--,--,kutúba,kuyímba,--,--,--,--,kuvímba,ntángu,ngóndo,mbwetéte; ntetembo,mása,mvúla,nzádi,zánga,múbu,múngwa,ditádi,munyenge,--,na tóto; na ínsi,ditútu,--,zúlu,mupepe,--,--,mwísi,tíya,lifutu,--,balabála; nzíla,--,mbwáki,--,--,mpémbe,ndómbe,mpímpa; pípa,lúmbu,mvúla,--,madídi; kyósi,--,malumálu,táma,mbóte; kilengi,ímbi,--,--,--,--,--,--,--,kupola; kubola,--,--,penepene,ntáma,bakála,kénto,--,na káti,na,na,--,--,nkúmbu,
Swahili,mimi,ni,wewe,u,yeye,a,sisi,tu,nyinyi,wa; m,wao,ba; wa,huyu; hii; hiki; hili; huu,lile; ule; yule; ile; kile,hapa,hapo; huko,nani,nini,wapi,lini,vipi,si; sio,wote,wengi; mengi,baadhi ya; chache,kidogo,ingine,moja,mbili,tatu,nne,tano,kubwa,refu; ndefu,pana,nene,zito; nzito,dogo; ndogo,fupi,embamba,embamba,mwanamke; bibi; gashi,mwanamume,mtu,mtoto,mke,mume,mama,baba,mnyama,samaki,ndege,mbwa,chawa,nyoka,mnyoo; nyungunyungu,mti,msitu; mwitu,fimbo,tunda,mbegu,jani,mzizi; shina,gamba,ua,nyasi,kamba,ngozi,nyama,damu,mfupa,mafuta; mori,yai,pembe,mkia,unyoya,nywele,kichwa,sikio,jicho,pua,kinywa,jino,ulimi,ukucha,mguu;  wayo,mguu,goti,mkono,ubawa,tumbo,utumbo,shingo,mgongo,ziwa;  kifua,moyo,ini,,kunywa; nywa,la,uma; ng'ata,fyonza; nyonya; amwa,tema,tapika,puliza; vuma,pumua,cheka,ona,sikia,jua; fahamu,waza; fikiri; dhani,nusa; nukia; nuka,ogopa; hofu,lala,ishi,fa,ua,pigana; wana,winda; saka,piga; gonga; chapa; zaba; bobota; limba; puta; nesa,kata; tema,pasua; atua; chana,choma; dunga,kuna; parua; kwaruza,chimba; chokoa,ogelea,paa; ruka,tembea; enda,ja,gona,keti,simama,pindua,anguka,pa,shika,kaba; minya; kama,sugua,osha,futa; pangusa,vuta,sukuma; kumba; guta,tupa,funga,shona,wanga; hesabu,sema,imba,cheza,elea,tiririka,ganda,fura,jua,mwezi,nyota,maji,mvua,mto,ziwa,bahari,chumvi,jiwe,mchanga,vumbi,ardhi; dunia; udongo,wingu,ukungu,uwingu; anga,upepo,theluji,barafu,moshi,moto,majivu,waka,njia,mlima,ekundu,kijani,manjano,eupe,eusi,usiku,siku,mwaka,moto,baridi,jaa; shiba,pya,zee,ema,baya,bovu,chafu,nyofu,duara,kali; koa,dugi,laini,nyevu; lowa,kavu,sahihi,karibu,mbali,kuume,kushoto,pa,bi; fi,na,na,kama,kwa kuwa; kwa sababu; ya; ,jina,mate
Punu,ménu,,ndéju,,a,,--,,--,,ba,,--,ike,avàve; agunu,avàne,--,--,avéñi; avè,--,nane,nési,kadi,pwèle,imosi; amosi,pesu; digasu,mususu; isusu,imosi,bibeï,bitatu,bina,biranu,--,--,--,--,--,--,gufise,--,vonu; digasu,mugétu,dibale,mutu,nwane,mugétu; mugatsi,mulumi,mame,taji,ibulu,wabe; lobe,tsoli,mondi,--,ñoge,--,nwiri,musiru; dijombi,namise,mulunde,maswiri,--,dungànzi,ibalu,ngondi,--,--,mukate,ñame,malungu,ivisi,matsi,diaki,--,--,--,nange; munaku,muru,dituji,disu,mbasu,munu,dinu,mbémbu,--,--,dikulu,dikotulu,dikàke,--,--,--,kingu,--,--,murime,--,,nu,ji,rabile; gake,fife,lúge,--,banze,vume,dikèki,labe,gulu,jabe,tase,mbunge,gome,bundeme,--,fu,boke,divite,sanze,gubene; bèmbe; bagule; dimbe,tabule; riabe,pase; gabe,--,gorule; gombe; tsindule,time,riale,puremuge; dage,wènde,ruge; duke,siale; timbe ,bandimine,--,gudige; puge; bète,bèruge,vège,gànge,ganne; bambige,tsindule; liomise,suse; golile,tsindule,dute,sindile,bwage,bambige,rarige,tale,vose; tsingule,wimbile,sige; ikambi,riale; bwile,--,--,wale; bwele,ñangu,tsungi,dibube,mambe,mfule,mujambe,--,mubu,musayi,dimañi,isièke; busièyi,kugumfu,butambe; vatsi,--,dimungi,julu,mupunge,--,--,nzumbili,muji,mabufu,babile; ñenze; banze,nzile,mukongu,riri,--,--,vème,--,mukolu,ilumbu,ilime,--,yotsi,lelévi,--,inunu,bweji; fine; ,mwifi,--,mwinzi,--,--,mengu,--,--,botse; moisten; ,gumuse,anane,béli,vale,mabale,--,omu; ombu,na,omu; ombu,na,--,nane; dibandu,dine,
Fang_Gabon,me,me; ma,we,ô; wa,nye; énye,a; a,bîe,bî; bîa,mine,mi; mia ,bo; ébo,be; ba,ényina; é more,éto; ôto,nne; va,va,nẑa,zè; ʣɛ,vé,é ñgeñ,na,dia; di,se,abî; ébyer; azô,nẑu,avétsañ,mbokh; mfe,fokh,bè,lal,né,tan,nen,ayo,ndam,afîp,azir,tokh,étun,mbamda; fanga,ékekep; ôkekep,mônga; manga,fam,môr,mon,ñgal,nnôm,nya; ɲa,ésa,tsir,ko; kos,ônon,mvu,nyin; ɲin,nyo; ɲɔ,nsoñ,éli,afan; ésana,éfalga,ébmuma,mvoñ; fes,ôkekè,"nzi
","
évîn",sam,ôbur,ñkol,ékô,tsir; nnam,mekî,évi,avoñ,akî,nlakh,ñgyem,asè,ésil,nlô,alo,zir,zṽi,anyu,asôñ,dem; ôyem,zè; ʣɛ,abo,abo,aboñ,wo,afap,abmum,minna; miṉya,kîñ,mvur,tsṽi,nlem,ésekh,,nyu,zi,lô,vyôle,sè meti,yô,vuñle,vebe; vemle,wé,yen,wôkh,yem,sima,nyum,ko woñ,yè; yale,nyiñ,wu,yṽi; buré,luma,some,yir; sip,kîkh,sal,bekh,kul,fakh; soñ,zokh,yele,wule,nẑu,bôme; bôe,tabe,kü,kiñla,ku,ve; ke,bele,yem; kumé,siñle,sô,fîmé; tsil,dure,tsine; sôghle,wa,kakh; tsiñde,tum; lṽi,lañ,"
zô",yè,do abya,yeñé; yeé,sṽi,0,fembe; vur,nlôsô; zô; vyè,ñgon,ôtiti,mezim,mveñ,nlo; ôtôñ,éliba; ényeña,ntua; mañ,ñku,akokh,nsegha,mbulgé; nduñ,si,ñkur,ñkur,yô,mfuña; évuñle; ñkule,0,0,ôtura,ndôa,asu,sikh,nsengé; nzoñ,ñkôl,évele,énenekh,atsṽi; mfôl,afum; éfumle,nsur,alu,mô,mbu,ayôñ,avo; avwé,abôm; nzèa,mfifi; nẑumé; nyone,nnôm,mvè; mba; mbeñ,mbi,ébol,mvîn,tetele; sôsôe,mvîghde,akap; avôl; nẑô,atul,ékokon,mbara,ñkôr; mvum,te,bi; feñ,ôyap,meyôm; kô,meyal; ka,e,e; éti,ye; ba,"
ye; ba; ve",kagha; ñgî,toghe na,zṽi; ʣyi,
Fang_Equitoral_Guinea,mǎ,me; ma,wǎ,o; wa,é ñe,a; aa,"
bíyǎ",bí; bíyá,mínǎ,mín; míná,"
é bɔ be",bé; bá,"
éñí",éte,vá; váná; mú,"
váa","
nza; nzá",dze,ve; o ve,ó dén,ya; na,ka’a; mɔ́mɔ́; kɔɔ́,se; sese,abuíñ; ábíra; angan,bɔ́’ɔ́; enziŋ,avétsáŋ,mbɔ́’ɔ́; mfé,fɔ́’ɔ́,bɛ̌,láa,nii,tân,nên,ayǎ,ndam,afǐp,adzǐt,tɔ́k,etun,tɔ́k; fǎnfana,tɔ́k,miniŋá,fâm,mot; mor,mɔ́ŋ,ngáá,nnôm,nané; nana; ñuá; ñiá,tará; ésuá; ésaá; ésiá,tsít,kɔ̌s,onǒn,mvú,ñǐn,ñó,nsɔ́ŋ,elé,afan,elé,ebuma,mvɔŋ; fěs; mebí,okíɛ́ñ,ndzi; nkǎŋ,evîn,sǎm,obut,nkɔɔ́,eko,tsít; mvyan,mekǐ,evěs,avɔ̂ŋ,akǐ,nlak; nnak,ngíém,mvɔ̌t; endeŋ,nkɔ́,nló,alɔ́,dzís,dzúiñ,anu,asǒŋ,dêm; oyêm,dzɛ̂ñ,abɔ,mbíén; abɔ,abɔ́ŋ,wɔ́,afǎp,abum,minna; minya,kíŋ,mvús,nkuk; tsúiñ,nlêm; nnêm,esék,,áñú,ádzí,áló,ávíli,ásɛ metê,áyó,ávúŋu,ávebe,áwe,áyên,áwɔ́k,áyem,ásíman,ánum,ákɔ wɔ̌ŋ,áyê; áyále,átáabe; ániŋ,áwú,áwúiñ,álúman,ásomo,áyít; ásíp,ákík; ásék; ásaŋ,ása,abé,ákul,áfák; ásɔŋ,ádzɔ́k,áyéle,áwulu,ánzu,álôm; ábúi,átɔbɔ,ákúiñ,ákiŋ,áku,ávé; áke’e,abele,áyêm; ákúmbe,ásíŋile,áso; átsuk,áfími; átsi,áduru,átsíni; ásógele,áwua,ákák; átsini,átsûm; álúiñ,álâŋ,ádzó,áyee,ádɔ abia,áyêŋ; áyéle,ási’i,ávúébe,ávús,nló; nnó dzó; vié,ngɔmndan; ngɔn,otéteñ,mendzím,mveŋ,osúiñ; otoŋ,elíbá; atɔ̌k,mâŋ,nkǔ,akɔ́k,nséga,mbúlúk; mfuiñ,sí,nkút,nkút,yó,mfoŋa; evúŋu; nkɔɔ́,0,efén mendzím,otsíra,ndúan,asǔp,ádzík,nsénéŋé; ndzɔ́ŋ,nkóó,evéle,mendza’á; meya’á,atsúíñ; mfoó,afúm; efúmele,nsút,alú,mǒs,mbú,ayôŋ,avóeñ,abôm; ndzéán,mfefeñ; eyɔŋ,nnǒm,mvɛ̂ñ; mvo’é; mbeŋ,mbé,ebɔɔ́,mvin,tételé; sósoó,mvígélé,akáp; avóó; nsɔ́nán,atǔ,ekokɔn,mbara,nkór; mvǔm,tételé,bebɛñ,oyǎp,meyôm,meyáá,á; ó,été; á; ó,ya; ye; ne; nge; bá,ya; ye; ne; bá; fe,ngé,amú náá,dzúiñ,
Rwanda,jye; jyewe; jyeweho,ndi,wowe,,we,,twebwe,,mwebwe,,bo; ba,,aha; aka; iki; iri; ubu; uku; uru; uyu; aya; iyi,aho; ako; icyo; iryo; uko; urwo; uwo,aha; hano; ino,aho; yo; ri; ho; mo,nde,iki;ki,he; hehe; aho,ryari; ubwô,te; uko; ukuntu,nta; si,ose; se,inshi iînshi,mye; mwe,ke; keya,ndi,limwe,kabili,gatatu; hatu,kane; yine,tanu; hanu,nini,rere,gari,nini,kuremera; kuremerwa,to; toya,gufi,gufungana,to; toya,umugore; umugorê,umugabo,umuntu; umuuntu,umwana; umwâana,muka; mukâa,umugabo,mama; maamâ,data; daatâ,inyamaswa; inyamâaswa,ifi; ifî,inyoni,imbwa; imbwâ,inda; indâ,inzoka; inzôka,inzoka; umunyorogoto; urunyo,igiti; igitî,ishyamba; ishyaamba,inkoni,imbuto; imbûto,imbuto; imbûto,ikibabi,umuzi,ikirere; ikireere,indabyo; ururabyo; ururâbyo,icyatsi; icyaâtsi; ubwatsi; pasture; ,umugozi,uruhu,inyama,amaraso; amarâso,igufwa; igûfwa,amavuta; amavûta; ikinure,igi,ihembe,umurizo,iryorya,umusatsi,umutwe; umutwê,ugutwi; ugutwî,ijisho; ijîisho,izuru; izûuru,akanwa,iryinyo; iryîinyo,ururimi,urwara,ikirenge; ikireenge,ukuguru,ivi; ivî,ikiganza; ikigaanza,ibaba; ibabâ,inda; igifu; ibondo; iboondo; potbelly; ,amara,ishingo; ijosi; front of neck; ,umugongo; umugôongo,ibere,umutima; umutîma,umwijima,,kunywa; kunywâ; nywa,kurya,gushuna; kuruma,kunyunguta; kunyunyuza,gucira,kuruka,guhuha,guhumeka,guseka,kubona; kubôna,kumva,kumenya; zi,gutekereza; kwibwira,guhumuza; guhûumura,gutinya,gusinzira; gusiinziira,baho; kubana; kuba; kubâ; to be; ,gupfa,kwica,kurwana,guhiga,gukubita,guca; gukata,gutanya,--,gushima,gucukura,koga,kuguruka,kugenda; kugeenda,kuza; kuuza,kwisegura,kwicara; kwiicara,guhagarara,guhindukiza,kugwa,guha; guhana; gutanga,gufata,gukamura,guhanagura; gusiga; anoint; ,koza,guhanagura,gukurura,gusunika,gutera,kuboha; gupfundika,kudoda,kubara,kuvuga; ti; saying; ,kuririmba,gukina,kureremba; kurêreemba,gutemba,--,kubyimba,izuba; izûuba,ukwezi; ukwêezi,inyenyeri; inyênyeerî,amazi; amâazi,imvura; imvûra,uruzi,ikiyaga,inyanja,umunyu; umûunyu,ibuye,umusenyi,ivumbi; umukungugu; umukuûngugu,igitaka; isi; isî,igicu,igihu,ikirere; ijuru,umuyaga,amasimbi,barafu; urubura,umwotsi,umuriro,ivu; ivû,gushya; kwaka; kwaaka,umuhanda; umuhaânda,umusozi; umusôzi,gutukura,icyatsi kibisi,umuhondo,era,umukara,ijoro,umunsi; umuûnsi,umwaka; umwâaka,ota,konja; beho,zura,shya,saza,iza; iizâ,bi,bora,anda; ico,gororoka; eguka,viringa,tyara,tiga,--,bisi; bîsi,uma,hana,bugufi; hafi,kure,ryo,bumoso,i; ho; ku; kuri; kwa,mu; muri,na,na; no,niba; iyo; nkaho,kuko; kubera; kubêera,izina; izîna,
Rundi,jewe; jeho; je; nānje,,wewe; weho,,we; wewe,,twebge; tweho,,mwebge; mweho,,ba,,uyu,uwo; urya; uriya; uno; wa; nya,aha; hano; ino; ngaha,aho; ngaho,nde,iki,hehe; he; aho,ryari; aho; iyo; ni,te; uko; ukuntu; ingene; ubugene,nta; ata; si,ōse,inshi,mwe,ke; keya; kenya,ndi,mwe,biri; evyiri,tatu; esheshatu,ne; ennye,tānu; eshānu,nini,rere,gari,nini,kuremēra; kuriba,to; toya; tonya; toto,gufi; gufiya; gufinya,gupfungānya,to; toto; toya; tonya,umugore,umugabo,buntu,umwāna,muka,umugabo; umugēnzi,māma; māwe,dāta; dāwe,kwūhīra,ifi,ikiguruka; inyoni; little ones; ,imbwa,inda,inzoka,inzoka; igikogoshi; igikāngaga,igiti,ikibira,igiti,icāmwa; imbuto,imbuto; urutete,ibabi; ikibabi,umuzi; igishitsi,igishishwa,ishurwe,ivyātsi; ubgātsi,ingoyi; umugozi; umuzana,uruhu; urukoba; urusāto,inyāma,amaraso,igufa,itōto; ibimure; meat; ,irigi; igi,ihēmbe,umurīzo,iryōya,umushatsi,umutwe,ugutwi,ijīsho,izūru; itonde,akanwa,iryīnyo,ururimi,urwāra,ikirēnge,ukuguru,ivi,ikiganza,ibaba,inda,amara,isozi,umugōngo,ibere,umutima,igitigu,,kunywa,kurya,gushikura,kunūnuza,gucīra,kuruka,guhūha; guhūngabanya,guhēma; guhumēka,gutwēnga; gusekaseka,kubona,kwūmva,kumenya; zi; kuzirikana,kwīyumvīra; gucīra; kugira; kwīkēkāko; kwīrimbūra,kwīnukiriza; kwūmva; kwūmviriza; kwīmōtereza,gutīnya,gusinzīra,kuba; kubaho; guhēma,gupfa; guhwēra,kwīca,kurwānya,guhīga,gukubita,guca,kurara; gutānya,--,gukūba,kwīmba; kurima,kwōga,kuguruka,kugēnda,kuza,kuryāma,kwīcara,guhagarara,guhindukiza,kugwa,guha; guhēsha; gutānga,gufata,gukānya,guhungura; gusīga; guhofōra,kwōza,kumyīra; guheha,gukwēga; gushikura; gukurira,gusunika,guta; gutēra,kuboha; guhāmbīra,kubarīra; gusona,guharūra,kubara; kuvuga; ti,kurirīmba,gukina,kureremba,gutēmba,--,kuvyīmba; kubōmboka,izūba,ukwēzi,urunyenyēri; inyenyēri,amazi,imvura,urūzi,ikiyaga; itanganyika,ikiyaga,umunyu,ibuye,umusēnyi,umukungugu,isi; agataka; ivu,igicu,igipfūngu,ikirēre; ijuru,umuyaga,urubura; hail; ,--,umwōtsi,umuriro,umunyota,gusha,ibarabara; umuharuro; irāngo,umusozi,gutukura,akaātsi gatoto,umuhōndo; umugina; umutugutu,cera,umufyīri,ijoro,umusi,umwāka,ōta,bisi,ūzura,sha; shasha,kuru; sāza,īza,bi,bora; boza,humāna,gororoka,burūngu,kariha,fyīta; pfūha; dull; ,rēmba,bisi,ūma,koshōra; īhana,hāfi,kure,ryo,bāmfu,i; ku; kuri; kwa,mu; muri,na,kandi; uteko; na; no,asangwa; iyo; namba; ni; iyaba,kuko,izina,
Bemba,ine,ndi,iwe,,--,,ifwe,,imwe,,--,,--,--,hapa,kulya,--,--,kwisa,--,--,--,onse,--,--,céép,ilya,cimoo,fibili,fitatu,fine,fisano,kúl,leep,sáálal,shin,lem,céép; nóóno,ípip,--,pap; ónd,úmwanákáshí,--,umuntu,úmwaná,úmukáshí,úmulúmé; úmwaúmé,maayó,taatá,innama,ísábí; icibomba; impifu; umushipa,icuuni; robin; umwanya,ímbwá,índá,ínsóká,umwambo,icímutí; iciíbá,--,umútambú,ícitwálo,ulusoke; úluséké; úlubútó,ibuula,--,umushike; umukwa,iluba,ícaaní; ulweo,umwando,ímpapa; inkanda,innama,umulopa,ífúpá,ámafútá,íliní,úluséngó,úmucílá,ilingala,umushishi,úmutwé,úkutwí,íliinsó,umoona,akanwa,íliinó,úlulímí,íngála,ulukasa,ukuulu,íkúfí,icisansa,ipindo,ícifúú;  ícitómbó,ubula,umukoshi,ínnumá,íbééle,úmutímá,ílibú,,ukunwa,ukulya,ukusúma,ukuónka,ukusáka,ukulúka,ukupuuta; ukukuuka,ukupeema,ukuseka,ukumóna,ukoúmfwa,ukwíshiba,ukuelenganya,ukununka,ukutíína,ukuláála,ukwikala,ukufwa,ukwipaya,ukulwa,ukulúnga,ukupóóla; ukupúma,ukucéna; ukuteeta,ukupandula; ukutééba,ukubunda; ukukwasa,ukukoola,ukwimba,ukówa; ukutambaala,ukupupuka,ukueenda; ukutibula,ukwisa,ukusendama; ukubepa,ukwikala,ukwíma,ukupínuka,ukowa,ukupa,ukwíkata,ukukáma,ukukwesa; ukunuka; ukufuuta,ukusamba; ukusuka,ukupópolola; ukusuba,ukukula,ukusunka,ukuŋwinta; ukufútula,ukubópa; ukufúndika; ukukaka,ukusóna,ukupenda,ukusósa,ukwímba,ukwángala,ukueela,--,--,ukufímba; ukufufuma,ákasúbá,úmweshí,ulútandá,ámeenshí; amenshi,ímfúlá,umumana,bemba,--,úmucélé,ilibwe,úmucánga; umúsengá,ulúkungú,isonde,ikumbi,ícikútiká,mulu,umwela; ípupwe,--,amenshi makasa,icuushi,umulilo,ímitó,ukupya,umusebo; ákantótwa,ulupili,káshik,--,--,buut,fiit,úbushíkú,ínshíkú,úmwaká,ónt,talal; pépul,ísul,pya,kot; pílulul,waam,bííp,bol,--,lungam; nyuns; ololol,shíngulul,tw,--,lámbuk,--,úm,lungam,sontam,sukilil,ku úkulyó,ku úkusó,--,--,na,na,--,--,íshíná,
Sukuma,onéné,na,ying'we,,weyi,,yise,,bebe,,boyi,,--,yo,aha,aho,nani,kiyi,--,--,--,--,ose,ingi,--,gehu,--,imo,ibili,idatu,ine,itaano,--,ihu,kwasama,ginu,ito,do,guhi,kushina,kukonda,nkima,nyanda,muunu,ng'wana,nke,ngoshi,mayu,baba,ndimu,shi; ndilo; guzuba,noni,mva,nda,nzoka,--,linti,ipolu,nang'ha,--,mbiyu; mbegu,idutu,nzwi,igula,bulabo,maswa,--,ikoba,nyama,mininga,iguha,nonu,igi,ipembe,nkila,--,luywili,ntwe,gutu,liso,lyulu,nomo,lino,lulimi,njala,gugulu,gugulu; saluta,izwi,nkono,--,ng'humbi,--,nhingo,ngongo,mbele,ng'holo,itima,,kung'wa,--,kuluma,kuBipa; kong'ha,kuswa mate,kuluka,kufula,kwifula,kusega,kubona,kwigwa,kumana,kwiganika,kunung'ha,boba,gulala tulo,--,kucha,kubulaga,kwikenya,kuhiga,kukomanga,kusunzula; kupunza; kugihya,kubulaga; kubinza; kubela,--,kushina,kusimba,--,ngi; gulala,kuyela,kwiza; koya,gusagalala; gulala,kwigasha,gwimila,kukundika; kwiyungula; gugaluka,--,kwinha,--,gushema; kukama; squeeze out; ,kukilisha,koja; koga; gukanza; goga,kupyagula,kugwesa; kuduta,kushindika,kugwisha; kuguma,gutunga; kutunga; tie up; ,kusuma; kufuma,kubala,kuwila,kwimba,--,--,--,--,--,limi,ng'weji,sonda,minzi,mbula,mongo,nyanza,--,munhu,iwe,--,lububu,si,ilunde,--,--,nyaga,--,--,lyochi,moto,--,kubaka,--,lugulu,--,--,--,ape,api,bujiku,lushigu,ng'waka,koto,mbeho,suga; kokala,pya,kulukulu,awiza,ibi,ibozu,--,gugolola,kwiyungula,giha,ito,--,lobo,njumu,--,Bihi,kule,kubulyo,gusaga; be left over; ,--,--,--,--,--,--,lina,
Luganda,nze,ndi,ggwe,,ye,,ffe,,mmwe,,bo,,ono; luno; kino; eno;ino,nti; oyo; ekyo,wano,eyo; awo,ani,ki,wa,ddi; nga,ate,si,onna,ngi,--,--,lala,emu,bbiri,ssatu,nnya,ttaano,nene,adde; azze; wanvu,gazi,adde; gevvu,zito,tono,mpi,fundaze,kogga,omukazi,omusajja,omuntu,omwana,omukyaala,omwaami,maama,taata,ensolo,eky'enyanja,ennyonyi,embwa,enkukunyi,omusota,olusiringanyi,omuti,ekibira,akati,ekibala,ensigo,ekikoola,omulandira,olubugo,ekimuli,omuddo,omuguwa,olususu; omubiri; eddiba; animal; ,ennyama,omusaayi,eggumba,amasavu,eggi,omulere; engombe,mukira,--,enviiri,omutwe,okutu,eriiso,enyindo,akamwa,erinnyo,olulimi,--,ekigere,--,eviivi,omukono; arm; ,ekiwawatiro,olubuto,--,ensingo,omugongo,ebbeere,omutima,ekibumba,,okunywa,okulya,--,okunuuma,okuwanda,okusesema,okufuuwa,okussa omukka,okuseka,okulaba,okuwulira,okumanya,okulowooza,okuwunyiriza,okutya,okwebaka,okusula; okubeera; to be; ,okufa,okutta,okulwaana,okuyigga,--,okusalwa,okwabuluza,--,okwagula,--,okuwuga,okubuuka,okutambula,okujja,okugalamira; okulambaala,okutuula,okuyimirira,okuweta,okugwa,okuwa,okukwaata,okunyiga; okukamula,okuvumbaye; okukuutase; okukunya; okukulubuuta; okusiraze,okwoza,okusimuula,okusika; okukululadde,okusindika,okusawuka; okukanyuga; okukasuka,okukaliga; okusiba,okutunga,okubala,okugamba; okwogera; saying; ,okuyimba,okuzannya,okuseyaaseya; okubbulukuka,okukulukutase,okutiitiwazaizza,okuzimba,enjuba,omweezi,emunyeenye,amazzi,enkuba,omugga,enyanja,enyanja,ommunyu; omunnyo,ejjinja,omusenyu,nfuufu,nsi,ekire,--,eggulu,embuyaga,omuzira,omuzira,omukka,omuliro,--,okwookya,oluguudo,olusozi,kasaayi; myufu,kilagala,kyenvu,ekyeeru,nzirugavu,ekiro; ettumbi,emisana; olunaku,omwaaka,ekibuguma; buguma,ekinyogoga,kajjuvu,ekipya,kadde,rungi,bi,vundu,jama,butereevu,ulungo,songola,fufuggaza,kuliradde,bisi,kalu,tuufu,okumpi,ewala,ddyo,kkono,ku; mu,mu,ne,ne; na,ssenga,kubanga,erinnya,
Yao,nne,ndi,waawo,,veleo; mwaanjawo,,uwe,,nmwe; mmwe,,vanyawo; vanyao; vaanganya,,peleepa; kweleeku; iyi; ciici aci; ciici; awu wuteendewu; awu; apa; alu; aku,apo; acila; aco; adila; adyo; ajila; ajo; ajula; akala; ako,peleepa; peepano; papapapepa; panopano; kunokuno; apano; apa; apa; akuno; aku,peleepo; peepala; palapala; kulakula; apo; apala; akula; akula; ako,vaani; vaa; ani,cicii; chichi; api,kuweesi,nkuti; caaka ci,wudi; ati udi,ngati,wose; koose,yejinji; jiinji,--,noondi; nnoono; naandi,--,mo; chinpepe,vidi; ivili,tatu; itatu,cece; ncece; mcheche,saano; nsaano; nsano,wukulu; kula,uleu; leewu,telekula,kweeva; gagaatala; kaandapala; kwimbala; fat; thick; ,sito,unondi; noondi; nnoono; naandi,wiipi; jiipi,penupenu; tona; vijikana,lipuuta; sololoka; pwa,vammasyeto; vakongwe,vakuunganya,wumuundu,mwanache; mwaanace,vankwao,valume; vaalume,amao; maama,atati; ntaati; baaba; veese,chijama; cinyama,somba; soomba,chijuni; cijuni,nanbwa; nbwa,njipi; njipi,lijoka; diijoka,dinyoongolosi,chitela; cikoloongwe,lipuluulu; wukweeti; nsitu,ntindiso; mpuuto,isogosi; cisogosi,mbeju; nbeju; nbeeca,lisamba; lisaamba; disaamba,mchiga; nciga,likuungwa,liua; diluuva,manyasi; manyasi,lukoonji,lipende; likova,nyama,miasi; myaasi,liupa; diiwupa,mauta; mawuta,lindanda; dindaanda; dijeele,livengwa; nseengo,mchila; ncila,dinyuunya,umbo; luwuumbo; lunyiidi,ntwe; ntwe,liwiwi; dipiikanilo,liso; diiso,mbula; lupula,kang'wa,liino; diino,lulimi; ludimi,lukoose; lukalaveesa,cikaambato; lusajo; footprint; sole; ,lukongolo; lukoongolo,lilungo; diluungo,nkono,dipapiko,lutumbo,--,lukosi; lukosi,mngongo; n'goongo; nsaapa; cinyuma,mavele; maveele,ntima; ntima,litoga; ditooga,,kung'wa; n'wa; mwa,kulya; dya,luma,oonga; kweemba,suna,selula; tapika,puga,pumula,seka,lola; wona,pikana,manyilila,ganisya,nunjila; nunga,oga; oogopa,gono,taama,wa,wulaga,menyana; putana,lupata,tiimba; puuta; nyeesya,seenga; salula; kata,gala; cecenukula; cecenukuka; pasula; gaangula,wulutula; tota; koosa; copa; soma,mwaaga; ng'wanya; kodola,sola,suuga; n'aambila,guluka,eenda,yika,latama; gadama; kugona lugali,wutamila; tama; taama,iima,piinda,gwa,pa,pakata,pana; minya,ticita; sugula; kulukuuta,suka; saula; likunda,syula,wuta,tuta,iita,tava,tota; sona,valanga; valaanga,ti; saala; cidiwuka; tanjila; salila,imba,taamba; n'aanda; ceesa,jajavala; palasila,jidima; vidima,pimisya,yiimba,lyuuva,mwesi,ndondwa,meesi,wula,lusulo,nyaasa; litanda,bwaani,njete,liganga,nsanga,luundu,litaka,liunde,daambwe,kwiunde,nyeembeelela,--,--,osi,moto,--,ooca; kolela; coma,vaangula,litumbi,ceejewu,gulukulu; awusaamba,--,cheswela,piliu,chilo,lyuva,chaaka,kosya; oota; vaamba,sisisisi; bepo,too; coti,chanpya; amoonje,wisala; aceekulu; kalaambala,ambone,ngalumbana; ngalimate,ola,wuuka,nyoloombola; goloka,aluwulu,tema; sijidika,piisa; piinya; angatema,tidila,nyakapya,umula; juumu,luungamika,vandika; vaandika,talika,n'dyo,nciji,--,--,--,nipo; kwiisa,nambaga,pakuva,liina,
Kimbundu,eme,--,eie,,muene,,etu,,enu,,ene,,--,kiná,--,--,mukuanhi,nii,ebi,ki; kiondo,kiebi,ki,hoso,kiavulu,--,féle; kiatolo,amukuâ; hengi,moxi,iari,tatu,uana,tanu,mundundu,anda,muhenda,uajimba,aneme,ofele,buta,jola,uabele,mukaji; muhatu; mumama,riala,mutu,muana,mukaji,mulume,mama; nguri,tata,kiama,mbiji,njila,mbua,ína,nhoka; nioka,ribuka,muxi,muxitu,mbasá,ndende; rikezu,mbutu,kisaba; rifu,ndanji,kibatu,kitulu; ribemba,--,mukolo; ngoji,kiba; kikonda,xitu,manhinga,kifuba; visi,--,riiaki,ngela; xiia,mukila,kisala,ndemba,mutue,ritui,risu,rizunu,rikanu,riju,--,kiala,ki kinama ê,kinama,kipumuna,riaku,ribaba,rikebe; rimala; rivumu; tumbu,míria,xingu,rima,petu; pupa; tulu,muxima,nzundu,,kunua,kuanda,kulumata,kufefenha; kuxiba,kuta mate,kuilusa,kubusa,kubuima,kuelela,kutala; kumona,kuivua,kuijia,kubanza,kutola,kuoma,kuzeka,kuala; kukala,kufa; kufua,kujiba,kubanga; kutonga,kutomba,kubeta,kusosa; kubatula; kutála; kuzua,kutandula; kutolola,--,kubutila,kubala,kuzoua,kukisa,kuenda,kuiza; kutula,kuzendalala,kuxikama,kuta,kubiluka; kubilula; kufukula,kubala,kuba; kubana,kukuata,kubola,kuajá,kusukula,--,kunana; kusunga,kulundula,kutakula,kukasa; kujitika,kutunga,kutanga,kuamba,kuimba,kuzangata,--,--,--,kujimba,rikumbi,rieji,tetembua; nonoxi,menha,mvúla,muanza,rizanga,kalunga,mongua,ritari,kisekele; senga,fufu,ixi,rituta,múombe,riulu,kitembu,--,--,rixi,tubia,--,kuaúla; kuoha,eviokelu; kikoka,mulundu,uakusuka,uisu,--,kizela; njungu,xikelela,usuku,kizua,muvu,kiatema,mbámbi; nototo,izala; xikixiki,obe,okulu,kiauaba,ukola,kiabolo,xiri,madilu,mbumbulukutu,--,kifofo,kibombe,atalala; zobototo,tanda,--,mbanji,tá,madilu,kiasu,--,ku,ni,--,se,mbata; mukonda,jina,
Kumu,eme,--,obɛ; oɛ,o,yɛ,a,besu,,benu; bo,bo,bɔ; ba,bá,ambe; búndé; mmbe; nde; nnde; unge,ambɔ; búndɔ́; mmbɔ; ndɔ; nndɔ; ungɔ,oani,koni; ndosi,ani,sina,sua,mbenɔ nde,--,nao; no; ata,bɔbhi,kpuu; si,buambo,--,angbo,moti; imoti,babɛ; ibɛ,basaɔ; isaɔ,gena; nne,bɔku,angbo; mbota,aende; koa,gbae,tete,adoko,abhɔa,ngbi,--,nyɛbɛ,nke,moko,nkpa,miki,nka,munya,mma,abhɛ,nyama; mbau,su; isingɔ; musephe; nsami,mbu; njinji,mbɔa,bamba,njɔka,nyɔmbɔ,me,nkanda,ɛsɛndɛ; mutumbɔ; gbutu,mpua,mbuka,kasa,migi; tina,kekoba,--,ɔphɔ,ngoi; nsinɔ,nkeke;  okoa,kisuku; mabɔɛ; nyama,magia,nkua,mua,eke,ndeka; mbengu; mbɔngɔ,nkondo,--,seka,mɔ,ketue,iso,--,aphenɔkɔ,minyɔ,edaka,caa,ecinji; abho,ecinji,moanku,njaga,--,sɔphɔ,mɛla; suba,kingo,ngɔngɔ,ɛbɛ;  egogo,mema,ebae; mingi,,noa,ea,gɔta; koka,muma; unga; boea,sua,ɔka,ophia; sinda,phɛkuma,tɛbha; tɔa; tɛtɛaga,ɔna,ɔka,ubha,kanisia; ianaga,umbí; yɔka,banga,da,enda,kua,moa,mana,ta,bɛta; binda,gɔta; tena,bhoma,tusa; tɔdɛa,dua,tongea; kpua; cuma,ɔga; tena,yaa,tamba,bhika; jua,bonda,ika,mama,kendua,gua,opha,sukia,sɛdisa; kama,tia,sokosa,kɔmbɛa,ututua,tiba; tingisi; uda,maka,boa; kpakia,phopha,tanga,yɔnga,emba,njokoa,phoba,dhidha,--,bimba; dhuia,mani,songe; mpɛ á songe,sɛɛngɔa,ibo,mbua,ɔba,etuu,obenge,mɔnɛi,etae,mbume,gbɛɛkɛsɛ,nsɔdɔ,egugu,ebundu,ego,maiphianɔ,--,ibo adhɛdhɛ,maki,nsa,ebhu,sida; sumba,aphe,mamba,otana,--,--,abhu,phiphi,kipha,esa,saga,ajo,adhɛdhɛ,áotuma; kuta,andende,ngbɛga,anja,ajede,--,nkiki,--,mpɛ,aophea,--,gbɛdɛmana,dhɛka,ɔma,doni,bhibhi,danga,--,--,na,subi,n’; na,n’,ambe,ka nyɔngɔ nde,ina,
Herero,ami,--,--,,--,,--,,--,,--,,--,--,--,--,--,--,--,--,--,--,--,--,--,--,--,imwe,mbari,ondatu,ine,ondano,--,--,--,--,--,--,--,--,--,kazendu,rumendu,ndu,--,--,--,--,--,--,--,--,--,--,--,--,omuti,--,--,--,--,--,--,--,--,--,--,--,--,ombinçu,--,--,--,--,tjira,--,ozondjise,otjiuru,okutwi,ho,--,--,--,eraka,--,ombaze,--,--,--,--,--,--,osengo,--,--,omutima,--,,--,--,--,--,--,--,--,--,--,--,--,--,--,--,--,--,--,--,--,--,--,--,--,--,--,--,--,--,--,--,--,--,--,--,--,--,--,--,--,--,--,--,--,--,--,--,--,--,--,--,--,--,--,--,--,yuva,--,--,omeva; iva,--,--,--,--,--,--,--,--,--,--,--,--,--,--,--,omuise,--,--,--,--,--,--,--,--,--,--,--,yuva,--,--,--,--,--,--,--,--,--,--,--,--,--,--,--,--,--,--,--,--,--,--,--,--,--,--,--,--,--,
Oshikwanyama,ame,ohandi,ove,oto,ye,ota,fye,ohatu,nye,otamu,vo,otava,ava; aka,oyo; odo,apa; opo,apa; opo; penya,olye,oshike,openi; peni,onaini; naini,ongaipi; ngaipi,ahawe; aaye,--,--,--,shona,--,imwe,mbali,tatu; natu,nee,tano; nano,nene,le,--,--,dyu; ndjuu,shona,xupi; hupi,--,--,omukulukadi,omukulunhu; omulumenu,omunhu,okaana; ewifa,omukulukadi,omushamane,meme,tate,oshinamwenyo,oshi,okadila,ombwa,--,--,--,omuti,--,--,oiimati,--,efo,--,--,eengala,omwiidi,--,oshipa,onyama; ombelela,ohonde,omakipa,--,--,--,--,--,eexwiki,omutwe,okupti; okutwi,omesho; eisho,ellulu; eyulu,okanya,eyoo,elaka,ipato; onyala,omadi,okurou; okuulu,ongolo,oma; eke; okwooko,--,omaiaia; edimo; epunga,--,ofingo,ombuda; moipafi,omavele; onhulo ,omutima,--,ondjala,okunwa,okulya,--,--,--,kunga,--,--,yola,mona,udako,shiiva,dilaadila,--,tila,okukofa,oho kala peni; where do you live; ,okufya,--,--,konga,denga,--,--,--,--,--,--,odi,enda,uya; ila; di,nangala,kala omutumba; sit down; ,fikama,ngolyoka,--,yandya; pa; eta,--,--,--,--,--,--,--,--,otai,--,--,tya; ti,imba; okwiimba,danauka,--,--,--,--,etango,--,--,omeva; omeya,odula,omulonga,etale,--,omongwa,--,--,--,--,oilemo,--,--,omhepo,--,--,--,omundilo,--,tema; pya,opate; ondjila; path; ,ondudu,tilyana,twima; ziza,shunga,toka,laula,omafiku,efiku,odula,pyu,talala,--,pe,kulu,wa,i,--,kaka,yukilila,--,--,--,--,--,--,--,popepi,kokule,olulyo,omulosho,ko,mo,na,na,--,shaashi; osheshi,edina,
Chokwe,ami,ngu,--,,--,,--,,--,,--,,--,--,--,--,--,--,--,--,--,--,--,--,--,--,--,káxi,kári,tátu,uana,mutânu,--,--,--,--,--,--,--,--,--,--,--,--,--,--,--,--,--,--,--,--,--,--,--,--,--,--,--,--,--,--,--,--,--,--,--,--,--,--,--,--,--,--,--,--,--,--,--,--,--,--,--,--,--,--,--,--,--,--,--,--,--,--,--,--,--,,--,--,--,--,--,--,--,--,--,--,--,--,--,--,--,--,--,--,--,--,--,--,--,--,--,--,--,--,--,--,--,--,--,--,--,--,--,--,--,--,--,--,--,--,--,--,--,--,--,--,--,--,--,--,--,--,--,--,--,--,--,--,--,--,--,--,--,--,--,--,--,--,--,--,mwishi,--,--,--,--,--,--,--,--,--,--,--,--,--,--,--,--,--,--,--,--,--,--,--,--,--,--,--,--,--,--,--,--,--,--,--,--,--,--,--,--,--,
Lunda,ami,ni,--,,--,,--,,--,,bà,,--,--,--,--,--,--,--,--,--,--,--,--,--,--,--,mu,yedi,satu,ni,taanu,--,--,--,--,--,--,--,--,--,--,--,--,--,--,--,--,--,--,--,--,--,--,--,--,--,--,--,--,--,--,--,--,--,--,--,--,--,--,--,--,--,--,--,--,--,--,--,--,--,--,--,--,--,--,--,--,--,--,--,--,--,--,--,--,--,,--,--,--,--,--,--,--,--,--,--,--,--,--,--,--,--,--,--,--,--,--,--,--,--,--,--,--,--,--,--,--,--,--,--,--,--,--,--,--,--,--,--,--,--,--,--,--,--,--,--,--,--,--,--,--,--,--,--,--,--,--,--,--,--,--,--,--,--,--,--,--,--,--,--,wishi,--,--,--,--,--,--,--,--,--,--,--,--,--,--,--,--,--,--,--,--,--,--,--,--,--,--,--,--,--,--,--,--,--,--,--,--,--,--,--,--,--,
Makhuwa,mi,ki,--,,--,,--,,--,,--,,--,--,--,--,--,--,--,--,--,--,--,--,--,--,--,èmózà,píli,tháru,xéxè,tânu,--,--,--,--,--,--,--,--,--,--,--,--,--,--,--,--,--,--,--,--,--,--,--,--,--,--,--,--,--,--,--,--,--,--,--,--,--,--,--,--,--,--,--,--,--,--,--,--,--,--,--,--,--,--,--,--,--,--,--,--,--,--,--,--,--,,--,--,--,--,--,--,--,--,--,--,--,--,--,--,--,--,--,--,--,--,--,--,--,--,--,--,--,--,--,--,--,--,--,--,--,--,--,--,--,--,--,--,--,--,--,--,--,--,--,--,--,--,--,--,--,--,--,--,--,--,--,--,--,--,--,--,--,--,--,--,--,--,--,--,mwiixi,--,--,--,--,--,--,--,--,--,--,--,--,--,--,--,--,--,--,--,--,--,--,--,--,--,--,--,--,--,--,--,--,--,--,--,--,--,--,--,--,--,
Tonga_Malawi,--,,--,,--,,--,,--,,--,,--,--,--,--,--,--,--,--,--,--,--,--,--,--,--,mwi,bili,tatu,ne,sanu,--,--,--,--,--,--,--,--,--,--,--,--,--,--,--,--,--,--,--,--,--,--,--,--,--,--,--,--,--,--,--,--,--,--,--,--,--,--,--,--,--,--,--,--,--,--,--,--,--,--,--,--,--,--,--,--,--,--,--,--,--,--,--,--,--,,--,--,--,--,--,--,--,--,--,--,--,--,--,--,--,--,--,--,--,--,--,--,--,--,--,--,--,--,--,--,--,--,--,--,--,--,--,--,--,--,--,--,--,--,--,--,--,--,--,--,--,--,--,--,--,--,--,--,--,--,--,--,--,--,--,--,--,--,--,--,--,--,--,--,usi,--,--,--,--,--,--,--,--,--,--,--,--,--,--,--,--,--,--,kabotu,--,--,--,--,--,--,--,--,--,--,--,--,--,lulyo,chimwenhi,--,--,--,--,--,--,--,
Tsonga,--,,u,,--,,--,,--,,--,,--,--,--,--,--,--,kwihi,--,--,--,--,--,--,--,--,n'we,mbirhi,nharhu,mune,ntlhanu,--,--,--,--,--,--,--,--,--,--,--,--,--,--,--,--,--,--,--,--,--,--,--,--,--,--,--,--,--,--,--,--,--,--,--,--,--,--,--,--,--,--,--,--,--,--,--,--,--,--,--,--,--,--,--,--,--,--,--,--,--,--,--,--,--,,--,--,--,--,--,--,--,--,--,--,--,--,--,--,--,--,--,--,--,--,--,--,--,--,--,--,--,--,--,ya; going; ,--,--,--,--,--,--,--,--,--,--,--,--,--,--,--,--,--,--,--,--,--,--,--,--,--,--,--,--,--,--,--,--,--,--,--,--,--,--,--,--,--,--,--,--,musi,--,--,--,--,--,--,--,--,--,--,--,--,--,--,--,--,--,--,lela,--,--,--,--,--,--,--,--,--,--,--,--,--,--,--,--,--,--,--,--,--,--,
Umbundu,--,,--,,--,,--,,--,,--,,--,--,--,--,--,--,--,--,--,sio,--,cambuaka; caliava,--,--,ukuavo,mosi,vali,tatu,kwãla,tãlo,cinene,--,catanda,caliyinda; capama,--,--,cambuta; citito; catona,--,cahongua; cahoma,ukãi,ulume,--,omõla,ukãi,ulume,--,--,--,--,--,--,--,ombuta; onyõha,--,--,cahukuka; adj; ,--,ocima; epako,--,--,--,--,capulüla; adj; ,--,--,--,--,osonde,ekepa,--,esala; aseko,--,--,--,esinga,utue,--,--,--,--,--,elaka; elimi,olunjala; apapio,--,--,ongolo,--,--,--,esiaka; ovala,--,--,--,--,--,,--,oku timbula; oku lia,oku cakita; oku kanya,--,--,--,oku fela; oku pepela,oku fuimma,--,oku tala; oku mõla,oku yevelela; oku yeva,--,--,oku neha; oku leha; oku lehisa,--,--,--,oku fa,--,--,--,oku veta; oku sova; oku tuna,--,--,--,--,oku fëla; oku sokotola,oku yua; oku litasa; oku liteva,--,--,--,--,--,--,--,--,oku avela; oku eca,--,--,--,oku yua,--,--,--,--,--,--,--,--,oku imba; oku sivaya,--,--,--,oku kakula kuombambi,--,--,--,--,--,--,--,--,--,--,--,--,--,--,alende; ombundu; ukindikindi,--,--,--,--,--,--,--,--,--,--,--,--,--,ungolo; ungundumba,cayela; cotue; civala liyela,cowi; catekava,uteke,--,--,--,--,--,cokaliye; candopo,--,--,--,--,--,--,--,calepikiwa; capelekiwa,--,mbambe,--,--,--,--,kakuci; kupãla,--,--,--,--,--,--,--,--,--,
Zaramo,--,,mweye,,ijya,,tweye,,gwewe,,waja,,--,wijya,hano,kudya,yalihi,choni,--,--,--,--,wose,wamema; vingi,--,vidodo,--,imwe,wabili,ndatu,kane,hnano,--,tali,ahama,kuneneha,dibanza; dikwa,ndodo,guhi,ibana,soka,mtwanzi,nzugwana,--,mwana,mke,mume,mama,tata,nyama,somba,nyuni,dibwa,mhani,zoka,--,biki,mwitu,kimbwego,hnunda,mbegu,tepo; jani,mzizi,kwame,malua,usoti,--,kwembe; ganda,nyama,damu,mfupa,dinoga,finga,mhembe,mkila,--,mvili,ditwi,gutwi,siso,mhula,mulomo,zhino,lulimi,nhombe,mgulu,mgulu,vindi,mkono,--,hnumbo,--,ugosi,mgongo,matombo,zoyo,ini,,kungwa,kudya,kuluma,kukong'ha; kufyonza,kubwanda mate,kudeka,kuhuzila,kuhumula,kuseka,lola,kuhulika,kumanya,kugelegeza,kunungila; kunuh'gaa,moga,utulo; kuasa utulo,--,kufa,koma,kuibiga,kupelemba,kutoa,kukahna,kutulika,--,kuzega,kuhimba,--,nhonzi; koguluka,kuchoza; kutembela,kuiza,kuasa ugata; kuigolosa,kukala,kwima,kuzunguluka,kugwa,kulela; kulava,kugoga,kamula,kusungusa,suluza; kuimwagila; kuchnyanha; kuchamba,kuhangusa,kwesa; kubulula,segeza,igwa,kuzuila; kuzingiliza; kufunga,kushona,kupeta,kulongela,kwimba,--,--,--,--,kululumka,zua,mwezi,hnondo,manzhi,mvula,mto,bwawa,--,hyumvi,jiwe,misenga,mipukupuku,isi,wingu,--,mbingu; anga; light; sky; ,ubeho,--,--,iyosi,moto,--,okwaka,--,mlima,--,--,--,nzelu,titu,ikilo,siku,mwaka,moto,beho,mema,--,kulukulu,mwema,kiha,dibovu,--,golosa,zungulusa,nola,dibanza,--,doda,inyala,--,habehi,kutali,--,kisigala; be left over; ,--,--,--,--,--,--,tagwa,
Angazidja,,,,,,,,,,,,,,,,,,,,,,,,,,,,,,,,,,,,,,,,,,,,,,,,,,,,,,,,,,,,,,,,,,,,,,,,,,,,,,,,,,,,,,,,,,,,,,,,,,,,,,,,,,,,,,,,,,,,,,,,,,,,,,,,,,,,,,,,,,,,,,,,,,,,,,,,,,,,,,,,,,,,,,,,,,,,,,,,,,,,,,,,,,,,,,,,,,,,,,,,,,,,,,,,,,,,,,,
Basaa,,,,,,,,,,,,,,,,,,,,,,,,,,,,,,,,,,,,,,,,,,,,,,,,,,,,,,,,,,,,,,,,,,,,,,,,,,,,,,,,,,,,,,,,,,,,,,,,,,,,,,,,,,,,,,,,,,,,,,,,,,,,,,,,,,,,,,,,,,,,,,,,,,,,,,,,,,,,,,,,,,,,,,,,,,,,,,,,,,,,,,,,,,,,,,,,,,,,,,,,,,,,,,,,,,,,,,,
Bemba,,,,,,,,,,,,,,,,,,,,,,,,,,,,,,,,,,,,,,,,,,,,,,,,,,,,,,,,,,,,,,,,,,,,,,,,,,,,,,,,,,,,,,,,,,,,,,,,,,,,,,,,,,,,,,,,,,,,,,,,,,,,,,,,,,,,,,,,,,,,,,,,,,,,,,,,,,,,,,,,,,,,,,,,,,,,,,,,,,,,,,,,,,,,,,,,,,,,,,,,,,,,,,,,,,,,,,,
Bukusu,,,,,,,,,,,,,,,,,,,,,,,,,,,,,,,,,,,,,,,,,,,,,,,,,,,,,,,,,,,,,,,,,,,,,,,,,,,,,,,,,,,,,,,,,,,,,,,,,,,,,,,,,,,,,,,,,,,,,,,,,,,,,,,,,,,,,,,,,,,,,,,,,,,,,,,,,,,,,,,,,,,,,,,,,,,,,,,,,,,,,,,,,,,,,,,,,,,,,,,,,,,,,,,,,,,,,,,
Bulu,me,ne,,,,,,,,,,,,,,,,,,,,,,,,,,,,,,,,,,,,,,,,,,,,,,,,,,,,,,,,,,,,,,,,,,,,,,,,,,,,,,,,,,,,,,,,,,,,,,,,,,,,,,,,,,,,,,,,,,,,,,,,,,,,,,,,,,,,,,,,,,,,,,,,,,,,,,,,,,,,,,,,,,,,,,,,,,,,,,,,,,,,,,,,,,,,,,,,,,,,,,,,,,,,,,,,,,,,,
Comorian,,,,,,,,,,,,,,,,,,,,,,,,,,,,,,,,,,,,,,,,,,,,,,,,,,,,,,,,,,,,,,,,,,,,,,,,,,,,,,,,,,,,,,,,,,,,,,,,,,,,,,,,,,,,,,,,,,,,,,,,,,,,,,,,,,,,,,,,,,,,,,,,,,,,,,,,,,,,,,,,,,,,,,,,,,,,,,,,,,,,,,,,,,,,,,,,,,,,,,,,,,,,,,,,,,,,,,,
Digo,,,,,,,,,,,,,,,,,,,,,,,,,,,,,,,,,,,,,,,,,,,,,,,,,,,,,,,,,,,,,,,,,,,,,,,,,,,,,,,,,,,,,,,,,,,,,,,,,,,,,,,,,,,,,,,,,,,,,,,,,,,,,,,,,,,,,,,,,,,,,,,,,,,,,,,,,,,,,,,,,,,,,,,,,,,,,,,,,,,,,,,,,,,,,,,,,,,,,,,,,,,,,,,,,,,,,,,
Eton,,,,,,,,,,,,,,,,,,,,,,,,,,,,,,,,,,,,,,,,,,,,,,,,,,,,,,,,,,,,,,,,,,,,,,,,,,,,,,,,,,,,,,,,,,,,,,,,,,,,,,,,,,,,,,,,,,,,,,,,,,,,,,,,,,,,,,,,,,,,,,,,,,,,,,,,,,,,,,,,,,,,,,,,,,,,,,,,,,,,,,,,,,,,,,,,,,,,,,,,,,,,,,,,,,,,,,,
Ewondo,,,,,,,,,,,,,,,,,,,,,,,,,,,,,,,,,,,,,,,,,,,,,,,,,,,,,,,,,,,,,,,,,,,,,,,,,,,,,,,,,,,,,,,,,,,,,,,,,,,,,,,,,,,,,,,,,,,,,,,,,,,,,,,,,,,,,,,,,,,,,,,,,,,,,,,,,,,,,,,,,,,,,,,,,,,,,,,,,,,,,,,,,,,,,,,,,,,,,,,,,,,,,,,,,,,,,,,
Gindo,,,,,,,,,,,,,,,,,,,,,,,,,,,,,,,,,,,,,,,,,,,,,,,,,,,,,,,,,,,,,,,,,,,,,,,,,,,,,,,,,,,,,,,,,,,,,,,,,,,,,,,,,,,,,,,,,,,,,,,,,,,,,,,,,,,,,,,,,,,,,,,,,,,,,,,,,,,,,,,,,,,,,,,,,,,,,,,,,,,,,,,,,,,,,,,,,,,,,,,,,,,,,,,,,,,,,,,
Gogo,ane,ni,,,,,,,,,,,,,,,,,,,,,,,,,,,,,,,,,,,,,,,,,,,,,,,,,,,,,,,,,,,,,,,,,,,,,,,,,,,,,,,,,,,,,,,,,,,,,,,,,,,,,,,,,,,,,,,,,,,,,,,,,,,,,,,,,,,,,,,,,,,,,,,,,,,,,,,,,,,,,,,,,,,,,,,,,,,,,,,,,,,,,,,,,,,,,,,,,,,,,,,,,,,,,,,,,,,,,
Gusii,,,,,,,,,,,,,,,,,,,,,,,,,,,,,,,,,,,,,,,,,,,,,,,,,,,,,,,,,,,,,,,,,,,,,,,,,,,,,,,,,,,,,,,,,,,,,,,,,,,,,,,,,,,,,,,,,,,,,,,,,,,,,,,,,,,,,,,,,,,,,,,,,,,,,,,,,,,,,,,,,,,,,,,,,,,,,,,,,,,,,,,,,,,,,,,,,,,,,,,,,,,,,,,,,,,,,,,
Gwere,,,,,,,,,,,,,,,,,,,,,,,,,,,,,,,,,,,,,,,,,,,,,,,,,,,,,,,,,,,,,,,,,,,,,,,,,,,,,,,,,,,,,,,,,,,,,,,,,,,,,,,,,,,,,,,,,,,,,,,,,,,,,,,,,,,,,,,,,,,,,,,,,,,,,,,,,,,,,,,,,,,,,,,,,,,,,,,,,,,,,,,,,,,,,,,,,,,,,,,,,,,,,,,,,,,,,,,
Haya,,,,,,,,,,,,,,,,,,,,,,,,,,,,,,,,,,,,,,,,,,,,,,,,,,,,,,,,,,,,,,,,,,,,,,,,,,,,,,,,,,,,,,,,,,,,,,,,,,,,,,,,,,,,,,,,,,,,,,,,,,,,,,,,,,,,,,,,,,,,,,,,,,,,,,,,,,,,,,,,,,,,,,,,,,,,,,,,,,,,,,,,,,,,,,,,,,,,,,,,,,,,,,,,,,,,,,,
Jonga,,,,,,,,,,,,,,,,,,,,,,,,,,,,,,,,,,,,,,,,,,,,,,,,,,,,,,,,,,,,,,,,,,,,,,,,,,,,,,,,,,,,,,,,,,,,,,,,,,,,,,,,,,,,,,,,,,,,,,,,,,,,,,,,,,,,,,,,,,,,,,,,,,,,,,,,,,,,,,,,,,,,,,,,,,,,,,,,,,,,,,,,,,,,,,,,,,,,,,,,,,,,,,,,,,,,,,,
Ikizu,,,,,,,,,,,,,,,,,,,,,,,,,,,,,,,,,,,,,,,,,,,,,,,,,,,,,,,,,,,,,,,,,,,,,,,,,,,,,,,,,,,,,,,,,,,,,,,,,,,,,,,,,,,,,,,,,,,,,,,,,,,,,,,,,,,,,,,,,,,,,,,,,,,,,,,,,,,,,,,,,,,,,,,,,,,,,,,,,,,,,,,,,,,,,,,,,,,,,,,,,,,,,,,,,,,,,,,
Jita,,,,,,,,,,,,,,,,,,,,,,,,,,,,,,,,,,,,,,,,,,,,,,,,,,,,,,,,,,,,,,,,,,,,,,,,,,,,,,,,,,,,,,,,,,,,,,,,,,,,,,,,,,,,,,,,,,,,,,,,,,,,,,,,,,,,,,,,,,,,,,,,,,,,,,,,,,,,,,,,,,,,,,,,,,,,,,,,,,,,,,,,,,,,,,,,,,,,,,,,,,,,,,,,,,,,,,,
Kalanga,,,,,,,,,,,,,,,,,,,,,,,,,,,,,,,,,,,,,,,,,,,,,,,,,,,,,,,,,,,,,,,,,,,,,,,,,,,,,,,,,,,,,,,,,,,,,,,,,,,,,,,,,,,,,,,,,,,,,,,,,,,,,,,,,,,,,,,,,,,,,,,,,,,,,,,,,,,,,,,,,,,,,,,,,,,,,,,,,,,,,,,,,,,,,,,,,,,,,,,,,,,,,,,,,,,,,,,
Tsonga,,,,,,,,,,,,,,,,,,,,,,,,,,,,,,,,,,,,,,,,,,,,,,,,,,,,,,,,,,,,,,,,,,,,,,,,,,,,,,,,,,,,,,,,,,,,,,,,,,,,,,,,,,,,,,,,,,,,,,,,,,,,,,,,,,,,,,,,,,,,,,,,,,,,,,,,,,,,,,,,,,,,,,,,,,,,,,,,,,,,,,,,,,,,,,,,,,,,,,,,,,,,,,,,,,,,,,,
Zezuru,,,,,,,,,,,,,,,,,,,,,,,,,,,,,,,,,,,,,,,,,,,,,,,,,,,,,,,,,,,,,,,,,,,,,,,,,,,,,,,,,,,,,,,,,,,,,,,,,,,,,,,,,,,,,,,,,,,,,,,,,,,,,,,,,,,,,,,,,,,,,,,,,,,,,,,,,,,,,,,,,,,,,,,,,,,,,,,,,,,,,,,,,,,,,,,,,,,,,,,,,,,,,,,,,,,,,,,
Karanga,,,,,,,,,,,,,,,,,,,,,,,,,,,,,,,,,,,,,,,,,,,,,,,,,,,,,,,,,,,,,,,,,,,,,,,,,,,,,,,,,,,,,,,,,,,,,,,,,,,,,,,,,,,,,,,,,,,,,,,,,,,,,,,,,,,,,,,,,,,,,,,,,,,,,,,,,,,,,,,,,,,,,,,,,,,,,,,,,,,,,,,,,,,,,,,,,,,,,,,,,,,,,,,,,,,,,,,
Tswa,,,,,,,,,,,,,,,,,,,,,,,,,,,,,,,,,,,,,,,,,,,,,,,,,,,,,,,,,,,,,,,,,,,,,,,,,,,,,,,,,,,,,,,,,,,,,,,,,,,,,,,,,,,,,,,,,,,,,,,,,,,,,,,,,,,,,,,,,,,,,,,,,,,,,,,,,,,,,,,,,,,,,,,,,,,,,,,,,,,,,,,,,,,,,,,,,,,,,,,,,,,,,,,,,,,,,,,
Lilima,,,,,,,,,,,,,,,,,,,,,,,,,,,,,,,,,,,,,,,,,,,,,,,,,,,,,,,,,,,,,,,,,,,,,,,,,,,,,,,,,,,,,,,,,,,,,,,,,,,,,,,,,,,,,,,,,,,,,,,,,,,,,,,,,,,,,,,,,,,,,,,,,,,,,,,,,,,,,,,,,,,,,,,,,,,,,,,,,,,,,,,,,,,,,,,,,,,,,,,,,,,,,,,,,,,,,,,
Manyika,,,,,,,,,,,,,,,,,,,,,,,,,,,,,,,,,,,,,,,,,,,,,,,,,,,,,,,,,,,,,,,,,,,,,,,,,,,,,,,,,,,,,,,,,,,,,,,,,,,,,,,,,,,,,,,,,,,,,,,,,,,,,,,,,,,,,,,,,,,,,,,,,,,,,,,,,,,,,,,,,,,,,,,,,,,,,,,,,,,,,,,,,,,,,,,,,,,,,,,,,,,,,,,,,,,,,,,
Korekore,,,,,,,,,,,,,,,,,,,,,,,,,,,,,,,,,,,,,,,,,,,,,,,,,,,,,,,,,,,,,,,,,,,,,,,,,,,,,,,,,,,,,,,,,,,,,,,,,,,,,,,,,,,,,,,,,,,,,,,,,,,,,,,,,,,,,,,,,,,,,,,,,,,,,,,,,,,,,,,,,,,,,,,,,,,,,,,,,,,,,,,,,,,,,,,,,,,,,,,,,,,,,,,,,,,,,,,
Kisi,,,,,,,,,,,,,,,,,,,,,,,,,,,,,,,,,,,,,,,,,,,,,,,,,,,,,,,,,,,,,,,,,,,,,,,,,,,,,,,,,,,,,,,,,,,,,,,,,,,,,,,,,,,,,,,,,,,,,,,,,,,,,,,,,,,,,,,,,,,,,,,,,,,,,,,,,,,,,,,,,,,,,,,,,,,,,,,,,,,,,,,,,,,,,,,,,,,,,,,,,,,,,,,,,,,,,,,
Kamba,,,,,,,,,,,,,,,,,,,,,,,,,,,,,,,,,,,,,,,,,,,,,,,,,,,,,,,,,,,,,,,,,,,,,,,,,,,,,,,,,,,,,,,,,,,,,,,,,,,,,,,,,,,,,,,,,,,,,,,,,,,,,,,,,,,,,,,,,,,,,,,,,,,,,,,,,,,,,,,,,,,,,,,,,,,,,,,,,,,,,,,,,,,,,,,,,,,,,,,,,,,,,,,,,,,,,,,
Kiga,,,,,,,,,,,,,,,,,,,,,,,,,,,,,,,,,,,,,,,,,,,,,,,,,,,,,,,,,,,,,,,,,,,,,,,,,,,,,,,,,,,,,,,,,,,,,,,,,,,,,,,,,,,,,,,,,,,,,,,,,,,,,,,,,,,,,,,,,,,,,,,,,,,,,,,,,,,,,,,,,,,,,,,,,,,,,,,,,,,,,,,,,,,,,,,,,,,,,,,,,,,,,,,,,,,,,,,
Kongo,,,,,,,,,,,,,,,,,,,,,,,,,,,,,,,,,,,,,,,,,,,,,,,,,,,,,,,,,,,,,,,,,,,,,,,,,,,,,,,,,,,,,,,,,,,,,,,,,,,,,,,,,,,,,,,,,,,,,,,,,,,,,,,,,,,,,,,,,,,,,,,,,,,,,,,,,,,,,,,,,,,,,,,,,,,,,,,,,,,,,,,,,,,,,,,,,,,,,,,,,,,,,,,,,,,,,,,
Kuria,,,,,,,,,,,,,,,,,,,,,,,,,,,,,,,,,,,,,,,,,,,,,,,,,,,,,,,,,,,,,,,,,,,,,,,,,,,,,,,,,,,,,,,,,,,,,,,,,,,,,,,,,,,,,,,,,,,,,,,,,,,,,,,,,,,,,,,,,,,,,,,,,,,,,,,,,,,,,,,,,,,,,,,,,,,,,,,,,,,,,,,,,,,,,,,,,,,,,,,,,,,,,,,,,,,,,,,
Lambya,,,,,,,,,,,,,,,,,,,,,,,,,,,,,,,,,,,,,,,,,,,,,,,,,,,,,,,,,,,,,,,,,,,,,,,,,,,,,,,,,,,,,,,,,,,,,,,,,,,,,,,,,,,,,,,,,,,,,,,,,,,,,,,,,,,,,,,,,,,,,,,,,,,,,,,,,,,,,,,,,,,,,,,,,,,,,,,,,,,,,,,,,,,,,,,,,,,,,,,,,,,,,,,,,,,,,,,
Loma,,,,,,,,,,,,,,,,,,,,,,,,,,,,,,,,,,,,,,,,,,,,,,,,,,,,,,,,,,,,,,,,,,,,,,,,,,,,,,,,,,,,,,,,,,,,,,,,,,,,,,,,,,,,,,,,,,,,,,,,,,,,,,,,,,,,,,,,,,,,,,,,,,,,,,,,,,,,,,,,,,,,,,,,,,,,,,,,,,,,,,,,,,,,,,,,,,,,,,,,,,,,,,,,,,,,,,,
Luchazi,,,,,,,,,,,,,,,,,,,,,,,,,,,,,,,,,,,,,,,,,,,,,,,,,,,,,,,,,,,,,,,,,,,,,,,,,,,,,,,,,,,,,,,,,,,,,,,,,,,,,,,,,,,,,,,,,,,,,,,,,,,,,,,,,,,,,,,,,,,,,,,,,,,,,,,,,,,,,,,,,,,,,,,,,,,,,,,,,,,,,,,,,,,,,,,,,,,,,,,,,,,,,,,,,,,,,,,
Luvale,,,,,,,,,,,,,,,,,,,,,,,,,,,,,,,,,,,,,,,,,,,,,,,,,,,,,,,,,,,,,,,,,,,,,,,,,,,,,,,,,,,,,,,,,,,,,,,,,,,,,,,,,,,,,,,,,,,,,,,,,,,,,,,,,,,,,,,,,,,,,,,,,,,,,,,,,,,,,,,,,,,,,,,,,,,,,,,,,,,,,,,,,,,,,,,,,,,,,,,,,,,,,,,,,,,,,,,
Makonde,,,,,,,,,,,,,,,,,,,,,,,,,,,,,,,,,,,,,,,,,,,,,,,,,,,,,,,,,,,,,,,,,,,,,,,,,,,,,,,,,,,,,,,,,,,,,,,,,,,,,,,,,,,,,,,,,,,,,,,,,,,,,,,,,,,,,,,,,,,,,,,,,,,,,,,,,,,,,,,,,,,,,,,,,,,,,,,,,,,,,,,,,,,,,,,,,,,,,,,,,,,,,,,,,,,,,,,
Mandekan,,,,,,,,,,,,,,,,,,,,,,,,,,,,,,,,,,,,,,,,,,,,,,,,,,,,,,,,,,,,,,,,,,,,,,,,,,,,,,,,,,,,,,,,,,,,,,,,,,,,,,,,,,,,,,,,,,,,,,,,,,,,,,,,,,,,,,,,,,,,,,,,,,,,,,,,,,,,,,,,,,,,,,,,,,,,,,,,,,,,,,,,,,,,,,,,,,,,,,,,,,,,,,,,,,,,,,,
Maore,,,,,,,,,,,,,,,,,,,,,,,,,,,,,,,,,,,,,,,,,,,,,,,,,,,,,,,,,,,,,,,,,,,,,,,,,,,,,,,,,,,,,,,,,,,,,,,,,,,,,,,,,,,,,,,,,,,,,,,,,,,,,,,,,,,,,,,,,,,,,,,,,,,,,,,,,,,,,,,,,,,,,,,,,,,,,,,,,,,,,,,,,,,,,,,,,,,,,,,,,,,,,,,,,,,,,,,
Masaaba,,,,,,,,,,,,,,,,,,,,,,,,,,,,,,,,,,,,,,,,,,,,,,,,,,,,,,,,,,,,,,,,,,,,,,,,,,,,,,,,,,,,,,,,,,,,,,,,,,,,,,,,,,,,,,,,,,,,,,,,,,,,,,,,,,,,,,,,,,,,,,,,,,,,,,,,,,,,,,,,,,,,,,,,,,,,,,,,,,,,,,,,,,,,,,,,,,,,,,,,,,,,,,,,,,,,,,,
Mbunda,,,,,,,,,,,,,,,,,,,,,,,,,,,,,,,,,,,,,,,,,,,,,,,,,,,,,,,,,,,,,,,,,,,,,,,,,,,,,,,,,,,,,,,,,,,,,,,,,,,,,,,,,,,,,,,,,,,,,,,,,,,,,,,,,,,,,,,,,,,,,,,,,,,,,,,,,,,,,,,,,,,,,,,,,,,,,,,,,,,,,,,,,,,,,,,,,,,,,,,,,,,,,,,,,,,,,,,
Mende,,,,,,,,,,,,,,,,,,,,,,,,,,,,,,,,,,,,,,,,,,,,,,,,,,,,,,,,,,,,,,,,,,,,,,,,,,,,,,,,,,,,,,,,,,,,,,,,,,,,,,,,,,,,,,,,,,,,,,,,,,,,,,,,,,,,,,,,,,,,,,,,,,,,,,,,,,,,,,,,,,,,,,,,,,,,,,,,,,,,,,,,,,,,,,,,,,,,,,,,,,,,,,,,,,,,,,,
Mushungulu,,,,,,,,,,,,,,,,,,,,,,,,,,,,,,,,,,,,,,,,,,,,,,,,,,,,,,,,,,,,,,,,,,,,,,,,,,,,,,,,,,,,,,,,,,,,,,,,,,,,,,,,,,,,,,,,,,,,,,,,,,,,,,,,,,,,,,,,,,,,,,,,,,,,,,,,,,,,,,,,,,,,,,,,,,,,,,,,,,,,,,,,,,,,,,,,,,,,,,,,,,,,,,,,,,,,,,,
Mwani,,,,,,,,,,,,,,,,,,,,,,,,,,,,,,,,,,,,,,,,,,,,,,,,,,,,,,,,,,,,,,,,,,,,,,,,,,,,,,,,,,,,,,,,,,,,,,,,,,,,,,,,,,,,,,,,,,,,,,,,,,,,,,,,,,,,,,,,,,,,,,,,,,,,,,,,,,,,,,,,,,,,,,,,,,,,,,,,,,,,,,,,,,,,,,,,,,,,,,,,,,,,,,,,,,,,,,,
Mwanga,,,,,,,,,,,,,,,,,,,,,,,,,,,,,,,,,,,,,,,,,,,,,,,,,,,,,,,,,,,,,,,,,,,,,,,,,,,,,,,,,,,,,,,,,,,,,,,,,,,,,,,,,,,,,,,,,,,,,,,,,,,,,,,,,,,,,,,,,,,,,,,,,,,,,,,,,,,,,,,,,,,,,,,,,,,,,,,,,,,,,,,,,,,,,,,,,,,,,,,,,,,,,,,,,,,,,,,
Nande,,,,,,,,,,,,,,,,,,,,,,,,,,,,,,,,,,,,,,,,,,,,,,,,,,,,,,,,,,,,,,,,,,,,,,,,,,,,,,,,,,,,,,,,,,,,,,,,,,,,,,,,,,,,,,,,,,,,,,,,,,,,,,,,,,,,,,,,,,,,,,,,,,,,,,,,,,,,,,,,,,,,,,,,,,,,,,,,,,,,,,,,,,,,,,,,,,,,,,,,,,,,,,,,,,,,,,,
Nkore,,,,,,,,,,,,,,,,,,,,,,,,,,,,,,,,,,,,,,,,,,,,,,,,,,,,,,,,,,,,,,,,,,,,,,,,,,,,,,,,,,,,,,,,,,,,,,,,,,,,,,,,,,,,,,,,,,,,,,,,,,,,,,,,,,,,,,,,,,,,,,,,,,,,,,,,,,,,,,,,,,,,,,,,,,,,,,,,,,,,,,,,,,,,,,,,,,,,,,,,,,,,,,,,,,,,,,,
Ndebele_South_Africa,,,,,,,,,,,,,,,,,,,,,,,,,,,,,,,,,,,,,,,,,,,,,,,,,,,,,,,,,,,,,,,,,,,,,,,,,,,,,,,,,,,,,,,,,,,,,,,,,,,,,,,,,,,,,,,,,,,,,,,,,,,,,,,,,,,,,,,,,,,,,,,,,,,,,,,,,,,,,,,,,,,,,,,,,,,,,,,,,,,,,,,,,,,,,,,,,,,,,,,,,,,,,,,,,,,,,,,
Nyamwezi,,,,,,,,,,,,,,,,,,,,,,,,,,,,,,,,,,,,,,,,,,,,,,,,,,,,,,,,,,,,,,,,,,,,,,,,,,,,,,,,,,,,,,,,,,,,,,,,,,,,,,,,,,,,,,,,,,,,,,,,,,,,,,,,,,,,,,,,,,,,,,,,,,,,,,,,,,,,,,,,,,,,,,,,,,,,,,,,,,,,,,,,,,,,,,,,,,,,,,,,,,,,,,,,,,,,,,,
Nyakyusa,,,,,,,,,,,,,,,,,,,,,,,,,,,,,,,,,,,,,,,,,,,,,,,,,,,,,,,,,,,,,,,,,,,,,,,,,,,,,,,,,,,,,,,,,,,,,,,,,,,,,,,,,,,,,,,,,,,,,,,,,,,,,,,,,,,,,,,,,,,,,,,,,,,,,,,,,,,,,,,,,,,,,,,,,,,,,,,,,,,,,,,,,,,,,,,,,,,,,,,,,,,,,,,,,,,,,,,
Nyemba,,,,,,,,,,,,,,,,,,,,,,,,,,,,,,,,,,,,,,,,,,,,,,,,,,,,,,,,,,,,,,,,,,,,,,,,,,,,,,,,,,,,,,,,,,,,,,,,,,,,,,,,,,,,,,,,,,,,,,,,,,,,,,,,,,,,,,,,,,,,,,,,,,,,,,,,,,,,,,,,,,,,,,,,,,,,,,,,,,,,,,,,,,,,,,,,,,,,,,,,,,,,,,,,,,,,,,,
Nyole,,,,,,,,,,,,,,,,,,,,,,,,,,,,,,,,,,,,,,,,,,,,,,,,,,,,,,,,,,,,,,,,,,,,,,,,,,,,,,,,,,,,,,,,,,,,,,,,,,,,,,,,,,,,,,,,,,,,,,,,,,,,,,,,,,,,,,,,,,,,,,,,,,,,,,,,,,,,,,,,,,,,,,,,,,,,,,,,,,,,,,,,,,,,,,,,,,,,,,,,,,,,,,,,,,,,,,,
Nyungwe,,,,,,,,,,,,,,,,,,,,,,,,,,,,,,,,,,,,,,,,,,,,,,,,,,,,,,,,,,,,,,,,,,,,,,,,,,,,,,,,,,,,,,,,,,,,,,,,,,,,,,,,,,,,,,,,,,,,,,,,,,,,,,,,,,,,,,,,,,,,,,,,,,,,,,,,,,,,,,,,,,,,,,,,,,,,,,,,,,,,,,,,,,,,,,,,,,,,,,,,,,,,,,,,,,,,,,,
OshiWambo,,,,,,,,,,,,,,,,,,,,,,,,,,,,,,,,,,,,,,,,,,,,,,,,,,,,,,,,,,,,,,,,,,,,,,,,,,,,,,,,,,,,,,,,,,,,,,,,,,,,,,,,,,,,,,,,,,,,,,,,,,,,,,,,,,,,,,,,,,,,,,,,,,,,,,,,,,,,,,,,,,,,,,,,,,,,,,,,,,,,,,,,,,,,,,,,,,,,,,,,,,,,,,,,,,,,,,,
Ronga,,,,,,,,,,,,,,,,,,,,,,,,,,,,,,,,,,,,,,,,,,,,,,,,,,,,,,,,,,,,,,,,,,,,,,,,,,,,,,,,,,,,,,,,,,,,,,,,,,,,,,,,,,,,,,,,,,,,,,,,,,,,,,,,,,,,,,,,,,,,,,,,,,,,,,,,,,,,,,,,,,,,,,,,,,,,,,,,,,,,,,,,,,,,,,,,,,,,,,,,,,,,,,,,,,,,,,,
Sena,,,,,,,,,,,,,,,,,,,,,,,,,,,,,,,,,,,,,,,,,,,,,,,,,,,,,,,,,,,,,,,,,,,,,,,,,,,,,,,,,,,,,,,,,,,,,,,,,,,,,,,,,,,,,,,,,,,,,,,,,,,,,,,,,,,,,,,,,,,,,,,,,,,,,,,,,,,,,,,,,,,,,,,,,,,,,,,,,,,,,,,,,,,,,,,,,,,,,,,,,,,,,,,,,,,,,,,
Soga,,,,,,,,,,,,,,,,,,,,,,,,,,,,,,,,,,,,,,,,,,,,,,,,,,,,,,,,,,,,,,,,,,,,,,,,,,,,,,,,,,,,,,,,,,,,,,,,,,,,,,,,,,,,,,,,,,,,,,,,,,,,,,,,,,,,,,,,,,,,,,,,,,,,,,,,,,,,,,,,,,,,,,,,,,,,,,,,,,,,,,,,,,,,,,,,,,,,,,,,,,,,,,,,,,,,,,,
Songe,,,,,,,,,,,,,,,,,,,,,,,,,,,,,,,,,,,,,,,,,,,,,,,,,,,,,,,,,,,,,,,,,,,,,,,,,,,,,,,,,,,,,,,,,,,,,,,,,,,,,,,,,,,,,,,,,,,,,,,,,,,,,,,,,,,,,,,,,,,,,,,,,,,,,,,,,,,,,,,,,,,,,,,,,,,,,,,,,,,,,,,,,,,,,,,,,,,,,,,,,,,,,,,,,,,,,,,
Tshiluba,meme,ndi,,,,,,,,,,,,,,,,,,,,,,,,,,,,,,,,,,,,,,,,,,,,,,,,,,,,,,,,,,,,,,,,,,,,,,,,,,,,,,,,,,,,,,,,,,,,,,,,,,,,,,,,,,,,,,,,,,,,,,,,,,,,,,,,,,,,,,,,,,,,,,,,,,,,,,,,,,,,,,,,,,,,,,,,,,,,,,,,,,,,,,,,,,,,,,,,,,,,,,,,,,,,,,,,,,,,,
Tumbuka,ine,ndi,,,,,,,,,,,,,,,,,,,,,,,,,,,,,,,,,,,,,,,,,,,,,,,,,,,,,,,,,,,,,,,,,,,,,,,,,,,,,,,,,,,,,,,,,,,,,,,,,,,,,,,,,,,,,,,,,,,,,,,,,,,,,,,,,,,,,,,,,,,,,,,,,,,,,,,,,,,,,,,,,,,,,,,,,,,,,,,,,,,,,,,,,,,,,,,,,,,,,,,,,,,,,,,,,,,,,
Venda,,,,,,,,,,,,,,,,,,,,,,,,,,,,,,,,,,,,,,,,,,,,,,,,,,,,,,,,,,,,,,,,,,,,,,,,,,,,,,,,,,,,,,,,,,,,,,,,,,,,,,,,,,,,,,,,,,,,,,,,,,,,,,,,,,,,,,,,,,,,,,,,,,,,,,,,,,,,,,,,,,,,,,,,,,,,,,,,,,,,,,,,,,,,,,,,,,,,,,,,,,,,,,,,,,,,,,,
Zigula,,,,,,,,,,,,,,,,,,,,,,,,,,,,,,,,,,,,,,,,,,,,,,,,,,,,,,,,,,,,,,,,,,,,,,,,,,,,,,,,,,,,,,,,,,,,,,,,,,,,,,,,,,,,,,,,,,,,,,,,,,,,,,,,,,,,,,,,,,,,,,,,,,,,,,,,,,,,,,,,,,,,,,,,,,,,,,,,,,,,,,,,,,,,,,,,,,,,,,,,,,,,,,,,,,,,,,,
Zinza,,,,,,,,,,,,,,,,,,,,,,,,,,,,,,,,,,,,,,,,,,,,,,,,,,,,,,,,,,,,,,,,,,,,,,,,,,,,,,,,,,,,,,,,,,,,,,,,,,,,,,,,,,,,,,,,,,,,,,,,,,,,,,,,,,,,,,,,,,,,,,,,,,,,,,,,,,,,,,,,,,,,,,,,,,,,,,,,,,,,,,,,,,,,,,,,,,,,,,,,,,,,,,,,,,,,,,,
Baca,,,,,,,,,,,,,,,,,,,,,,,,,,,,,,,,,,,,,,,,,,,,,,,,,,,,,,,,,,,,,,,,,,,,,,,,,,,,,,,,,,,,,,,,,,,,,,,,,,,,,,,,,,,,,,,,,,,,,,,,,,,,,,,,,,,,,,,,,,,,,,,,,,,,,,,,,,,,,,,,,,,,,,,,,,,,,,,,,,,,,,,,,,,,,,,,,,,,,,,,,,,,,,,,,,,,,,,
Ngoni,,,,,,,,,,,,,,,,,,,,,,,,,,,,,,,,,,,,,,,,,,,,,,,,,,,,,,,,,,,,,,,,,,,,,,,,,,,,,,,,,,,,,,,,,,,,,,,,,,,,,,,,,,,,,,,,,,,,,,,,,,,,,,,,,,,,,,,,,,,,,,,,,,,,,,,,,,,,,,,,,,,,,,,,,,,,,,,,,,,,,,,,,,,,,,,,,,,,,,,,,,,,,,,,,,,,,,,
Qwabe,,,,,,,,,,,,,,,,,,,,,,,,,,,,,,,,,,,,,,,,,,,,,,,,,,,,,,,,,,,,,,,,,,,,,,,,,,,,,,,,,,,,,,,,,,,,,,,,,,,,,,,,,,,,,,,,,,,,,,,,,,,,,,,,,,,,,,,,,,,,,,,,,,,,,,,,,,,,,,,,,,,,,,,,,,,,,,,,,,,,,,,,,,,,,,,,,,,,,,,,,,,,,,,,,,,,,,,
Phuthi,,,,,,,,,,,,,,,,,,,,,,,,,,,,,,,,,,,,,,,,,,,,,,,,,,,,,,,,,,,,,,,,,,,,,,,,,,,,,,,,,,,,,,,,,,,,,,,,,,,,,,,,,,,,,,,,,,,,,,,,,,,,,,,,,,,,,,,,,,,,,,,,,,,,,,,,,,,,,,,,,,,,,,,,,,,,,,,,,,,,,,,,,,,,,,,,,,,,,,,,,,,,,,,,,,,,,,,
Hlubi,,,,,,,,,,,,,,,,,,,,,,,,,,,,,,,,,,,,,,,,,,,,,,,,,,,,,,,,,,,,,,,,,,,,,,,,,,,,,,,,,,,,,,,,,,,,,,,,,,,,,,,,,,,,,,,,,,,,,,,,,,,,,,,,,,,,,,,,,,,,,,,,,,,,,,,,,,,,,,,,,,,,,,,,,,,,,,,,,,,,,,,,,,,,,,,,,,,,,,,,,,,,,,,,,,,,,,,